sp26-re	RE	1	265521	https://data.fuoverflow.com/attachments/133/133456-ba41de11cce6476a22db876db66bdfb3.jpg?hash=s5evKzkYi9
sp26-re	RE	2	265522	https://data.fuoverflow.com/attachments/133/133457-ea99b288cea05dbbd1a519daebb8aa13.jpg?hash=e7qPNdaUGX
sp26-re	RE	3	265523	https://data.fuoverflow.com/attachments/133/133458-bd42a96937915d6c290c1a718242f5be.jpg?hash=RvgBKQkntq
sp26-re	RE	4	265524	https://data.fuoverflow.com/attachments/133/133459-36939bcfe46d2eff4b8be944d0cd4f86.jpg?hash=ia9lzP9sva
sp26-re	RE	5	265525	https://data.fuoverflow.com/attachments/133/133460-0ce2c0e90f3a2d93ab4a5019c066b143.jpg?hash=WhpEUkt2-W
sp26-re	RE	6	265526	https://data.fuoverflow.com/attachments/133/133461-995f34bcb1c83889ab573b8595b24ee0.jpg?hash=pRxUJqOajg
sp26-re	RE	7	265527	https://data.fuoverflow.com/attachments/133/133462-c39004e68b01bb0875315499da776223.jpg?hash=6V_pvQ1yD2
sp26-re	RE	8	265528	https://data.fuoverflow.com/attachments/133/133463-c7e082769b7b3b038b32e4d1384ca9f4.jpg?hash=sAG3HZnoAA
sp26-re	RE	9	265529	https://data.fuoverflow.com/attachments/133/133464-cd043d7a9025a55cb67afa4518def994.jpg?hash=DAta-jOFSK
sp26-re	RE	10	265530	https://data.fuoverflow.com/attachments/133/133465-acba99d7c7d5a50ce16090b0db521378.jpg?hash=aNnWmdc54g
sp26-re	RE	11	265531	https://data.fuoverflow.com/attachments/133/133466-e11f5bf632f7c645d61c3a56351fa097.jpg?hash=BxLZfuX2Q3
sp26-re	RE	12	265532	https://data.fuoverflow.com/attachments/133/133467-bed8477fabecb8af40a424b11754c876.jpg?hash=krTMnDTt7K
sp26-re	RE	13	265533	https://data.fuoverflow.com/attachments/133/133468-d7fd368728350fc983e9abe73be0b720.jpg?hash=BbqELwj0KO
sp26-re	RE	14	265534	https://data.fuoverflow.com/attachments/133/133469-f846db46fc4616f7b54f705f1216dd33.jpg?hash=2otOQCi_ip
sp26-re	RE	15	265535	https://data.fuoverflow.com/attachments/133/133470-e1d81248e3ebfeb839dca537c7a3c060.jpg?hash=Qr5_20LtRy
sp26-re	RE	16	265536	https://data.fuoverflow.com/attachments/133/133471-69160f4d3f70af1036db6ef21c55b3c8.jpg?hash=8nbDlF67xg
sp26-re	RE	17	265537	https://data.fuoverflow.com/attachments/133/133472-c5e6eb37bf8974b6c58730560876d49b.jpg?hash=dTGBE4P1br
sp26-re	RE	18	265538	https://data.fuoverflow.com/attachments/133/133473-df2184a77ba802bd0728ddb1e0f51d46.jpg?hash=TilJRj8DcY
sp26-re	RE	19	265539	https://data.fuoverflow.com/attachments/133/133474-518f72f09b6d14af301a61e297183197.jpg?hash=6sa3MjbLpC
sp26-re	RE	20	265540	https://data.fuoverflow.com/attachments/133/133475-60cca34ff39232014a4730042b63a9a7.jpg?hash=Vp1GDGyICI
sp26-re	RE	21	265541	https://data.fuoverflow.com/attachments/133/133476-be34150e8dea5f259a0ff56102af6737.jpg?hash=d925d7uW8D
sp26-re	RE	22	265542	https://data.fuoverflow.com/attachments/133/133477-37f8840eebd89b4d7c96e6fa9263e752.jpg?hash=XN7uleAySV
sp26-re	RE	23	265543	https://data.fuoverflow.com/attachments/133/133478-63603f49ebb8e79ae53cd92a9b411ade.jpg?hash=BpN66-7MDG
sp26-re	RE	24	265544	https://data.fuoverflow.com/attachments/133/133479-d369b2ac258fbb07626a44ff934c21ee.jpg?hash=yF7m4CwPHx
sp26-re	RE	25	265545	https://data.fuoverflow.com/attachments/133/133480-ef6aea37ce7ad55ce37475c1719d5346.jpg?hash=d6jz8Lwq-2
sp26-re	RE	26	265546	https://data.fuoverflow.com/attachments/133/133481-da821bc4c70e0ab5b65920a16b4cbb29.jpg?hash=-eGo88DVsh
sp26-re	RE	27	265547	https://data.fuoverflow.com/attachments/133/133482-0f444939f3a6105668cf12bf6e8db031.jpg?hash=4f0i0LRXt6
sp26-re	RE	28	265548	https://data.fuoverflow.com/attachments/133/133483-3b58ab335080b5f044853ab3c013f7ec.jpg?hash=bou40zkxk8
sp26-re	RE	29	265549	https://data.fuoverflow.com/attachments/133/133484-2ffa31f1de2eed4ef3f27904073e053c.jpg?hash=aRUqeoCY-C
sp26-re	RE	30	265550	https://data.fuoverflow.com/attachments/133/133485-87867a2af65a43f354842455ae778034.jpg?hash=L6AKEVpu_h
sp26-re	RE	31	265551	https://data.fuoverflow.com/attachments/133/133486-22087b7b871b0f3b2fcd44b618ff1699.jpg?hash=gnn3mOeIfH
sp26-re	RE	32	265552	https://data.fuoverflow.com/attachments/133/133487-0a5dc9391d1b9277d607bfe9b23340fe.jpg?hash=2OP5AvjZFH
sp26-re	RE	33	265553	https://data.fuoverflow.com/attachments/133/133488-666c4696c66046fcf35691ace390f3b3.jpg?hash=60cwUT2fsB
sp26-re	RE	34	265554	https://data.fuoverflow.com/attachments/133/133489-5e2eb5e5bad115b1eb04bbc79a4e3a9c.jpg?hash=YVYot2wv1H
sp26-re	RE	35	265555	https://data.fuoverflow.com/attachments/133/133490-b6bd205df7c5256e3c717cc2824a5509.jpg?hash=U1mRzAvVRk
sp26-re	RE	36	265556	https://data.fuoverflow.com/attachments/133/133491-f0e386a005a59180433ccc8de48f4527.jpg?hash=lFuEP1U4E9
sp26-re	RE	37	265557	https://data.fuoverflow.com/attachments/133/133492-140b39cb11ab4db7afe0b69a2d1b371b.jpg?hash=KHPqP9ZMdr
sp26-re	RE	38	265558	https://data.fuoverflow.com/attachments/133/133493-741a9704d8505227c29bffc6c13050e2.jpg?hash=oU6bUAnD7D
sp26-re	RE	39	265559	https://data.fuoverflow.com/attachments/133/133494-6607c2414de77763175bd59f1ed22bb6.jpg?hash=n0fEtzHFHT
sp26-re	RE	40	265560	https://data.fuoverflow.com/attachments/133/133495-adbe0614d5ee2607dde40cf620ac4cf8.jpg?hash=CcF2uz2BL-
sp26-re	RE	41	265561	https://data.fuoverflow.com/attachments/133/133496-3312f5880828c4dad8acc9b27f78f0dc.jpg?hash=0XuaKIyKhx
sp26-re	RE	42	265562	https://data.fuoverflow.com/attachments/133/133497-3b0af11643d157bb8a0200cb60d99549.jpg?hash=WMGtxTrvcI
sp26-re	RE	43	265563	https://data.fuoverflow.com/attachments/133/133498-992d5664f17ec55c90f118da2845fd1c.jpg?hash=beV3tLmZP4
sp26-re	RE	44	265564	https://data.fuoverflow.com/attachments/133/133499-9fe8d9fb805462b2e8d25a37d54bcc14.jpg?hash=zGFbE-Pe7I
sp26-re	RE	45	265565	https://data.fuoverflow.com/attachments/133/133500-82af3df8af4bcc873fb10ef5ae6e2866.jpg?hash=Vbwn7UUxMn
sp26-re	RE	46	265566	https://data.fuoverflow.com/attachments/133/133501-153ebac5ad29ded660100a5e9087e7ce.jpg?hash=Ur2g3yAf6E
sp26-re	RE	47	265567	https://data.fuoverflow.com/attachments/133/133502-f14aaaef7fde6fbde3ada0bce9d3bf05.jpg?hash=d925d7uW8D
sp26-re	RE	48	265568	https://data.fuoverflow.com/attachments/133/133503-ee2321d6843fb3e7a6da03423fd6b3a5.jpg?hash=PnzMlw7Sht
sp26-re	RE	49	265569	https://data.fuoverflow.com/attachments/133/133504-8fd23b694886339e27bdad76d0c42e21.jpg?hash=uT8pEnP_7x
sp26-re	RE	50	265570	https://data.fuoverflow.com/attachments/133/133505-0fd182b4f6527b2ba36457eccdca06f3.jpg?hash=w7aX__SDQ5
sp26-fe	FE	1	262206	https://data.fuoverflow.com/attachments/131/131755-a4c62440cb55c7bd817116ab1fce2ced.jpg?hash=0rbpzne32P
sp26-fe	FE	2	262207	https://data.fuoverflow.com/attachments/131/131756-41f974ca62ac5dd146701c0c577cfbdc.jpg?hash=NFaWQ5WmOV
sp26-fe	FE	3	262208	https://data.fuoverflow.com/attachments/131/131757-5bc18870d3bbfbedd8944f49b2539ca7.jpg?hash=Qr1B3Ad05W
sp26-fe	FE	4	262209	https://data.fuoverflow.com/attachments/131/131758-2c5a5fbf1df96288a3d03302452bff1c.jpg?hash=wuf8sLxhb2
sp26-fe	FE	5	262210	https://data.fuoverflow.com/attachments/131/131759-edadcccae0fbb382dbafad21864f31dd.jpg?hash=sA3-7WRetv
sp26-fe	FE	6	262211	https://data.fuoverflow.com/attachments/131/131760-fde6d28a3c6cd638b67d49479586fdd2.jpg?hash=dYhIKiZzC4
sp26-fe	FE	7	262212	https://data.fuoverflow.com/attachments/131/131761-d19540f263b4187632948315b7fe198f.jpg?hash=WiiB0HBHRZ
sp26-fe	FE	8	262213	https://data.fuoverflow.com/attachments/131/131762-d761aa87a03a9911e39be924e50720bc.jpg?hash=BIUsNp9LWe
sp26-fe	FE	9	262214	https://data.fuoverflow.com/attachments/131/131763-16688cf4903522fe7125ac71ad2f1dce.jpg?hash=6V_pvQ1yD2
sp26-fe	FE	10	262215	https://data.fuoverflow.com/attachments/131/131764-7bc0a2a7efc6f22f04cbe54c37b69377.jpg?hash=fn32560LLr
sp26-fe	FE	11	262216	https://data.fuoverflow.com/attachments/131/131765-8dad39c8cae0421aa0333f9da8d64df0.jpg?hash=6V_pvQ1yD2
sp26-fe	FE	12	262217	https://data.fuoverflow.com/attachments/131/131766-067ec2535c95e51912e1aa5e80492eff.jpg?hash=UWd_rmQm5i
sp26-fe	FE	13	262218	https://data.fuoverflow.com/attachments/131/131767-b1286275f7552e7826510abafa9dbfc3.jpg?hash=pRxUJqOajg
sp26-fe	FE	14	262219	https://data.fuoverflow.com/attachments/131/131768-274551253b3c4d5f7359250682b12b57.jpg?hash=CbVTGCpFD-
sp26-fe	FE	15	262220	https://data.fuoverflow.com/attachments/131/131769-0876ac2faa4d2f730d1e00d1c7bc6920.jpg?hash=aoUZKOF1xu
sp26-fe	FE	16	262221	https://data.fuoverflow.com/attachments/131/131770-7898b6fcac7c9eead2d052c67c9fb654.jpg?hash=MxyqtXsmr_
sp26-fe	FE	17	262222	https://data.fuoverflow.com/attachments/131/131771-bf55b720c5719e51c6fece2f72576e66.jpg?hash=075gsU5YU7
sp26-fe	FE	18	262223	https://data.fuoverflow.com/attachments/131/131772-23438959bbc3f659f723ee8d74a980a9.jpg?hash=OehKXNG_4A
sp26-fe	FE	19	262224	https://data.fuoverflow.com/attachments/131/131773-27521794e65a767ccbc55bba91cbc03c.jpg?hash=UtbJ4gejW3
sp26-fe	FE	20	262225	https://data.fuoverflow.com/attachments/131/131774-86ea86e9e9f8ee57fb57a5d4e3e5b88b.jpg?hash=qnH50g0OBx
sp26-fe	FE	21	262226	https://data.fuoverflow.com/attachments/131/131775-ce2f4086bbfcc346893a3fbd27c97c5e.jpg?hash=mxdx8xrB2z
sp26-fe	FE	22	262227	https://data.fuoverflow.com/attachments/131/131776-a9cc0783506b36ffbba0f430f45f2c2c.jpg?hash=xDlvs1YDgw
sp26-fe	FE	23	262228	https://data.fuoverflow.com/attachments/131/131777-132e452bb88f1247106f14e654ed6c61.jpg?hash=mxdx8xrB2z
sp26-fe	FE	24	262229	https://data.fuoverflow.com/attachments/131/131778-2c9da3c63b5f91871b9ce933ef92ef04.jpg?hash=O1xQUJoEpe
sp26-fe	FE	25	262230	https://data.fuoverflow.com/attachments/131/131779-fdaddf1d86072778b5f3feae7d2b292d.jpg?hash=mX4G0hUTHk
sp26-fe	FE	26	262231	https://data.fuoverflow.com/attachments/131/131780-15814ca5055ebaf677b7648c853a9ec4.jpg?hash=qIvLgTUGZL
sp26-fe	FE	27	262232	https://data.fuoverflow.com/attachments/131/131781-d2fa7a583ac328f11e9121e3ab49f61a.jpg?hash=jNzSDqqI_O
sp26-fe	FE	28	262233	https://data.fuoverflow.com/attachments/131/131782-fd8a40c74175b658f216a66e01c4cf01.jpg?hash=MEQeR9nLBK
sp26-fe	FE	29	262234	https://data.fuoverflow.com/attachments/131/131783-25ce7dc237a65904366de9bd344a511a.jpg?hash=ZCDCYeqmmh
sp26-fe	FE	30	262235	https://data.fuoverflow.com/attachments/131/131784-a6b6e43209dd8f003d35440255d4075d.jpg?hash=MNfLWyLzzi
sp26-fe	FE	31	262236	https://data.fuoverflow.com/attachments/131/131785-374be618ea6653c06742cac5b9abae72.jpg?hash=Bx16uKSi_3
sp26-fe	FE	32	262237	https://data.fuoverflow.com/attachments/131/131786-891e925118bc618c188f1805b03c1b64.jpg?hash=2OP5AvjZFH
sp26-fe	FE	33	262238	https://data.fuoverflow.com/attachments/131/131787-dcd8e415a3dcb48a621d42392451becc.jpg?hash=KHPqP9ZMdr
sp26-fe	FE	34	262239	https://data.fuoverflow.com/attachments/131/131788-1cec054be4af2960c87b20d46f2345d0.jpg?hash=3nEYFr-Ik2
sp26-fe	FE	35	262240	https://data.fuoverflow.com/attachments/131/131789-3c52ee88333fa97ee1a4de9464a24f86.jpg?hash=PnzMlw7Sht
sp26-fe	FE	36	262241	https://data.fuoverflow.com/attachments/131/131790-5c6d4ff82c0ce5b3d50c44e24e2dc1df.jpg?hash=YVYot2wv1H
sp26-fe	FE	37	262242	https://data.fuoverflow.com/attachments/131/131791-a644a4fb9ec53264ff54119cc7b19b62.jpg?hash=H967ozuXvT
sp26-fe	FE	38	262243	https://data.fuoverflow.com/attachments/131/131792-b2f2313223d022729b9af8fadeb9c852.jpg?hash=_scc1BeS7C
sp26-fe	FE	39	262244	https://data.fuoverflow.com/attachments/131/131793-9ebd5b97ebd0f1a7be626d03b2175e63.jpg?hash=oSMS0t81UV
sp26-fe	FE	40	262245	https://data.fuoverflow.com/attachments/131/131794-61fa62031f4cd8d01aa16e3f1e12c7ee.jpg?hash=Pl-hxttOUa
sp26-fe	FE	41	262246	https://data.fuoverflow.com/attachments/131/131795-df7e913b4e8f31d126e269527aa492de.jpg?hash=WFIf6bFtJW
sp26-fe	FE	42	262247	https://data.fuoverflow.com/attachments/131/131796-7450a1ff8400ec36263451e1804c873d.jpg?hash=AY7Jn9auJB
sp26-fe	FE	43	262248	https://data.fuoverflow.com/attachments/131/131797-d335b2364cbf443ca286c790bdb92cdf.jpg?hash=3RsNlJlF4s
sp26-fe	FE	44	262249	https://data.fuoverflow.com/attachments/131/131798-7e87c9abc567d5c0bcba37a1390014de.jpg?hash=K-FhSiZk5y
sp26-fe	FE	45	262250	https://data.fuoverflow.com/attachments/131/131799-5b8a37bc48273eed610d02eb2dafbb7d.jpg?hash=OWHjX6P4FO
sp26-fe	FE	46	262251	https://data.fuoverflow.com/attachments/131/131800-a9aa1396f18e9b666d793b7e3f656730.jpg?hash=4hD7E8IhZY
sp26-fe	FE	47	262252	https://data.fuoverflow.com/attachments/131/131801-5a588f0b95989da3f7dd98d82577733e.jpg?hash=godWEkmgp5
sp26-fe	FE	48	262253	https://data.fuoverflow.com/attachments/131/131802-952c0ab19b1d440d5450a5f7a2a57e34.jpg?hash=KLh6ZoytNv
sp26-fe	FE	49	262254	https://data.fuoverflow.com/attachments/131/131803-5889a4545bfb1f34c99aa6007c3eb4ae.jpg?hash=l3_QEb9B1G
sp26-fe	FE	50	262255	https://data.fuoverflow.com/attachments/131/131804-687ed681132353cce08168e02cb6aa11.jpg?hash=9X11MPdhzK
fa25-re	RE	1	245111	https://data.fuoverflow.com/attachments/122/122855-481492679f408305cf8a5a7404daa493.jpg?hash=gzwpxpYmJF
fa25-re	RE	2	245112	https://data.fuoverflow.com/attachments/122/122856-7b2802d2c2b238b3ef802f3f3f418c95.jpg?hash=WXtg5ELo5R
fa25-re	RE	3	245113	https://data.fuoverflow.com/attachments/122/122857-1a50766af01d9c89730a54108997f4de.jpg?hash=s-zP8z8xNi
fa25-re	RE	4	245114	https://data.fuoverflow.com/attachments/122/122858-a8f84e102abeca76d4000ca5fe09d9ce.jpg?hash=oU_UDZpAjS
fa25-re	RE	5	245115	https://data.fuoverflow.com/attachments/122/122859-398b896aef2bbef316d24988d3a78fb1.jpg?hash=6XedHEapXh
fa25-re	RE	6	245116	https://data.fuoverflow.com/attachments/122/122860-24aa315bed01017fc743e58c1dbf4c40.jpg?hash=E8spbTvSA9
fa25-re	RE	7	245117	https://data.fuoverflow.com/attachments/122/122861-985616279f09dbd4718c0c9a9ce4feeb.jpg?hash=52O6ZsSjfZ
fa25-re	RE	8	245118	https://data.fuoverflow.com/attachments/122/122862-452dd59f1bceda8056932ed031fa1cf9.jpg?hash=PGeTOzXuFC
fa25-re	RE	9	245119	https://data.fuoverflow.com/attachments/122/122863-10f164cf8b8f2261ae6184cc20b5358e.jpg?hash=yxPeT9C196
fa25-re	RE	10	245120	https://data.fuoverflow.com/attachments/122/122864-e334e7d3961419c1c2ee1d033c962c7b.jpg?hash=XXcfgxME9x
fa25-re	RE	11	245121	https://data.fuoverflow.com/attachments/122/122865-aae5521358b0b4f938a65079e6f56d21.jpg?hash=QSTeb2pSTz
fa25-re	RE	12	245122	https://data.fuoverflow.com/attachments/122/122866-246b89b5c36fc9bcd53998af7e22a3df.jpg?hash=RsI7xC7FPf
fa25-re	RE	13	245123	https://data.fuoverflow.com/attachments/122/122867-c6b4a3ae8b68d7dad68d19e9f37482d2.jpg?hash=Ol1PmFtVGY
fa25-re	RE	14	245124	https://data.fuoverflow.com/attachments/122/122868-ca6f4817790309cb87acdb13b2e693f6.jpg?hash=dQR-RPG_vR
fa25-re	RE	15	245125	https://data.fuoverflow.com/attachments/122/122869-544508b61290046bb18929ba896f9e71.jpg?hash=X8QMQD12LN
fa25-re	RE	16	245126	https://data.fuoverflow.com/attachments/122/122870-3d8260bb71e18c7ce5d36b25502b0066.jpg?hash=GVRzgH71d2
fa25-re	RE	17	245127	https://data.fuoverflow.com/attachments/122/122871-847e9b6cbfd17cc53cf9cd638bacb542.jpg?hash=jVe6mx3LKf
fa25-re	RE	18	245128	https://data.fuoverflow.com/attachments/122/122872-ad5ba248f7ff0691584f9306e9b75b6f.jpg?hash=cXxO_ZE2Nb
fa25-re	RE	19	245129	https://data.fuoverflow.com/attachments/122/122873-3bcf7540a207b68d2ec33ca1c2fc3e34.jpg?hash=cnbwyYVKKb
fa25-re	RE	20	245130	https://data.fuoverflow.com/attachments/122/122874-71fd685788e200871d4a31c618626b17.jpg?hash=OXvIslqFu9
fa25-re	RE	21	245131	https://data.fuoverflow.com/attachments/122/122875-1095aa877b1b1d53f0925c830a899617.jpg?hash=2Id4nIm193
fa25-re	RE	22	245132	https://data.fuoverflow.com/attachments/122/122876-ce00d7f4698f5df35c10c895e61fc688.jpg?hash=A4IKDKMenJ
fa25-re	RE	23	245133	https://data.fuoverflow.com/attachments/122/122877-69fd2b01338dad3c1c6c5a600577f935.jpg?hash=DaGcwL2xqV
fa25-re	RE	24	245134	https://data.fuoverflow.com/attachments/122/122878-2de03be65fac7427864a98fbd1afe13d.jpg?hash=WCiJJbdyZT
fa25-re	RE	25	245135	https://data.fuoverflow.com/attachments/122/122879-3f3a1597c4bf2fae455ceb5872e67761.jpg?hash=hbtuoOE1QO
fa25-re	RE	26	245136	https://data.fuoverflow.com/attachments/122/122880-4da906cb7db5facb35ccc72bc5ab1614.jpg?hash=07pwTUfjvL
fa25-re	RE	27	245137	https://data.fuoverflow.com/attachments/122/122881-f94f0de023282b905145b2c483f6a6cd.jpg?hash=Mo1M6cDnzH
fa25-re	RE	28	245138	https://data.fuoverflow.com/attachments/122/122882-1d26c4654dc7aa89390b4d1cf2ae5aa3.jpg?hash=e3Up_-4Dfb
fa25-re	RE	29	245139	https://data.fuoverflow.com/attachments/122/122883-29a75114d8b74b322c15a73a9b290cdc.jpg?hash=YqEiaQ5DxN
fa25-re	RE	30	245140	https://data.fuoverflow.com/attachments/122/122884-b33f32959185c58ac8b6035e2fc84577.jpg?hash=jxic779YvA
fa25-re	RE	31	245141	https://data.fuoverflow.com/attachments/122/122885-e62fbc2dfb4b188ff83900916b9954c5.jpg?hash=ETgFCW4hHA
fa25-re	RE	32	245142	https://data.fuoverflow.com/attachments/122/122886-ff333214ae65aa75fa8c387f31c5d810.jpg?hash=hFKTQwKbMH
fa25-re	RE	33	245143	https://data.fuoverflow.com/attachments/122/122887-942944468f03e80cea87830816f9ea70.jpg?hash=xVJsTRob8F
fa25-re	RE	34	245144	https://data.fuoverflow.com/attachments/122/122888-293cf11a5b3644eb767a785983e934e8.jpg?hash=DjaA_zQKw7
fa25-re	RE	35	245145	https://data.fuoverflow.com/attachments/122/122889-d6feaf4c7973cbeefa49aa95321dacb6.jpg?hash=kmsfllcW2X
fa25-re	RE	36	245146	https://data.fuoverflow.com/attachments/122/122890-2bad446b8666198efa677bd13a8d45e1.jpg?hash=9k1bYl23ar
fa25-re	RE	37	245147	https://data.fuoverflow.com/attachments/122/122891-d170e9cd1f927cd53bb8747f9f62c5c1.jpg?hash=icvcBYUTP_
fa25-re	RE	38	245148	https://data.fuoverflow.com/attachments/122/122892-31202f74787be5e90b45043f264a4d01.jpg?hash=dKNLcRNHDc
fa25-re	RE	39	245149	https://data.fuoverflow.com/attachments/122/122893-af6ebf4683e7123098305a948c5e771f.jpg?hash=DAK6WkCEjE
fa25-re	RE	40	245150	https://data.fuoverflow.com/attachments/122/122894-bb0dc3a975b791119c74e23b184cd4f0.jpg?hash=xPH-9jMTsu
fa25-re	RE	41	245151	https://data.fuoverflow.com/attachments/122/122895-7f9cdc7bc6f0098d0d2a8f786925096a.jpg?hash=yQtNAWSL_T
fa25-re	RE	42	245152	https://data.fuoverflow.com/attachments/122/122896-0209505811cfe59cd859d3140d12529c.jpg?hash=I5EIE0jRYm
fa25-re	RE	43	245153	https://data.fuoverflow.com/attachments/122/122897-fa7fbc6b19e843e720a012e6325947db.jpg?hash=DNoXIBkRpK
fa25-re	RE	44	245154	https://data.fuoverflow.com/attachments/122/122898-61e408c1ee0cfd777545d81b821416ba.jpg?hash=_b_AjwQDyP
fa25-re	RE	45	245155	https://data.fuoverflow.com/attachments/122/122899-d02b5f9ffc8ae67176bc8d3eca9dc22f.jpg?hash=4YDLH2oZha
fa25-re	RE	46	245156	https://data.fuoverflow.com/attachments/122/122900-b33eb19babf6230652ccc325e68655d0.jpg?hash=LJmypaBN9s
fa25-fe	FE	1	243930	https://data.fuoverflow.com/attachments/122/122252-0fbdf69aca9ff40996e9eea559ecda73.jpg?hash=IS24Qq6NcC
fa25-fe	FE	2	243931	https://data.fuoverflow.com/attachments/122/122253-c7bb705aa5101bfeca3992b0f48030f3.jpg?hash=6MIrE767sx
fa25-fe	FE	3	243932	https://data.fuoverflow.com/attachments/122/122254-223a74ec7d833e6de58f983824c09e15.jpg?hash=LFzDKPOdHY
fa25-fe	FE	4	243933	https://data.fuoverflow.com/attachments/122/122255-2c50dc5ec1cfd0a21bca03705c386380.jpg?hash=oU_UDZpAjS
fa25-fe	FE	5	243934	https://data.fuoverflow.com/attachments/122/122256-3e7867948c116b2e04b96bb78ab0c1f7.jpg?hash=ZqSbHXuBsd
fa25-fe	FE	6	243935	https://data.fuoverflow.com/attachments/122/122257-a5c2f808cd64bec710abc063517698be.jpg?hash=9aQPKQQGJE
fa25-fe	FE	7	243936	https://data.fuoverflow.com/attachments/122/122258-c662fd72084dc9590d702a5e1dbeb1ca.jpg?hash=WivMFE-lJr
fa25-fe	FE	8	243937	https://data.fuoverflow.com/attachments/122/122259-b39219aa560a557821db22226e07d4c4.jpg?hash=BY9AuoeR-e
fa25-fe	FE	9	243938	https://data.fuoverflow.com/attachments/122/122260-405a1dfe90676cf4a4c6b01d6801ffc9.jpg?hash=f0pv6YW2Sz
fa25-fe	FE	10	243939	https://data.fuoverflow.com/attachments/122/122261-3bedd87d6b9a5170a1d8f272aa8b71f9.jpg?hash=4eaxNTJQE6
fa25-fe	FE	11	243940	https://data.fuoverflow.com/attachments/122/122262-6146323bb9992481f2585d33cd34989c.jpg?hash=0med2bnuwV
fa25-fe	FE	12	243941	https://data.fuoverflow.com/attachments/122/122263-ed7f5ed11c17588386c28599a4985232.jpg?hash=WavVBT9RRy
fa25-fe	FE	13	243942	https://data.fuoverflow.com/attachments/122/122264-1834133568ddc9e9c32dd44791fcc127.jpg?hash=8qh8mS8OXG
fa25-fe	FE	14	243943	https://data.fuoverflow.com/attachments/122/122265-4e1b3fc670c5e950b8289a8d0ae1aef9.jpg?hash=oyTqJKZ6WJ
fa25-fe	FE	15	243944	https://data.fuoverflow.com/attachments/122/122266-ee3c3534308fdb592d3dbd30ab9b7037.jpg?hash=MI9Bvum-_Y
fa25-fe	FE	16	243945	https://data.fuoverflow.com/attachments/122/122267-63d0fe2410929ee6ec98adb0d91af35c.jpg?hash=IEZA-ly6Ha
fa25-fe	FE	17	243946	https://data.fuoverflow.com/attachments/122/122268-642c0fddb5349e921a8fbac06c3669ac.jpg?hash=VrGEPi1nRN
fa25-fe	FE	18	243947	https://data.fuoverflow.com/attachments/122/122269-69da353de30c9f80be920a92b9a5170c.jpg?hash=C49h5nMiIQ
fa25-fe	FE	19	243948	https://data.fuoverflow.com/attachments/122/122270-7665f66d6ed01ccf384d639d2b9d3100.jpg?hash=Ca9NkolTbP
fa25-fe	FE	20	243949	https://data.fuoverflow.com/attachments/122/122271-c83877f4a82aa741cfd0f249ea5c1d6d.jpg?hash=gnBPTikgfq
fa25-fe	FE	21	243950	https://data.fuoverflow.com/attachments/122/122272-073d8376b8d28a2153cca310a983fd3a.jpg?hash=cMuOzJ8Ca3
fa25-fe	FE	22	243951	https://data.fuoverflow.com/attachments/122/122273-46025ad79682185757f716e3a8416d49.jpg?hash=FOsaUba9Et
fa25-fe	FE	23	243952	https://data.fuoverflow.com/attachments/122/122274-52f598c7913b57f573ef53f14b760670.jpg?hash=ohmwOwhuLO
fa25-fe	FE	24	243953	https://data.fuoverflow.com/attachments/122/122275-0197e2b3e6ace28ee6263e04e52dfba3.jpg?hash=b5hs2_VzsW
fa25-fe	FE	25	243954	https://data.fuoverflow.com/attachments/122/122276-160e3001a437d9ec779942513c6db9ab.jpg?hash=jWVXAfomcf
fa25-fe	FE	26	243955	https://data.fuoverflow.com/attachments/122/122277-8c75425bcb1e055856b051e7d3ff5a01.jpg?hash=WiXXMVKcBO
fa25-fe	FE	27	243956	https://data.fuoverflow.com/attachments/122/122278-b7d97ca2325d9f596b11b8044eec00b0.jpg?hash=GaxXECdeZj
fa25-fe	FE	28	243957	https://data.fuoverflow.com/attachments/122/122279-12d9f9264b9c854acc733f36fcef40be.jpg?hash=uROeVyRt2O
fa25-fe	FE	29	243958	https://data.fuoverflow.com/attachments/122/122280-95e14b57ee1ddea49b8e65e9c2dfee6b.jpg?hash=vIb5H3sZ01
fa25-fe	FE	30	243959	https://data.fuoverflow.com/attachments/122/122281-e430c17af60a27a801efafd741125bfc.jpg?hash=vW03k9X2Xs
fa25-fe	FE	31	243960	https://data.fuoverflow.com/attachments/122/122282-97c7a21f184c3b1252eda9ea783cf873.jpg?hash=quZ_Ez3kPD
fa25-fe	FE	32	243961	https://data.fuoverflow.com/attachments/122/122283-3560336ee3c5b39586ba269c132239ca.jpg?hash=okoprjVUR9
fa25-fe	FE	33	243962	https://data.fuoverflow.com/attachments/122/122284-19fd96cbe201f2506bab7f9d52914f3a.jpg?hash=ljCpCsMx9J
fa25-fe	FE	34	243963	https://data.fuoverflow.com/attachments/122/122285-eff8839c41bb69dffcd2dce06b7de762.jpg?hash=bE3gJwaV8I
fa25-fe	FE	35	243964	https://data.fuoverflow.com/attachments/122/122286-7945cca9565c33b2f60e418d5db3779b.jpg?hash=MAo2c1y-Zu
fa25-fe	FE	36	243965	https://data.fuoverflow.com/attachments/122/122287-3d94a6d2a097e963c48e46c79a44cf34.jpg?hash=KhWg4ApCOX
fa25-fe	FE	37	243966	https://data.fuoverflow.com/attachments/122/122288-34a31bca0df4422903e55492caa0b172.jpg?hash=UxpRXq46go
fa25-fe	FE	38	243967	https://data.fuoverflow.com/attachments/122/122289-40a4bce876b5f11e1164c9cc625b95f5.jpg?hash=c-83KyCnc6
fa25-fe	FE	39	243968	https://data.fuoverflow.com/attachments/122/122290-d75374582a288275a3a411275a996794.jpg?hash=qKHV0noaO1
fa25-fe	FE	40	243969	https://data.fuoverflow.com/attachments/122/122291-492ef98893644513880c830eb24db81b.jpg?hash=x8Ny3kjlhF
fa25-fe	FE	41	243970	https://data.fuoverflow.com/attachments/122/122292-a0d909f6292e967adbce36c3f8c0985f.jpg?hash=UfWYu_A4Bi
fa25-fe	FE	42	243971	https://data.fuoverflow.com/attachments/122/122293-c419b11ff283d6b6b3a9fef8387e298f.jpg?hash=CeBGQL0Ty_
fa25-fe	FE	43	243972	https://data.fuoverflow.com/attachments/122/122294-f418b9509876b70526241e8d4d58f057.jpg?hash=ynK7pGd63S
fa25-fe	FE	44	243973	https://data.fuoverflow.com/attachments/122/122295-ba22564cca3111bac6d1564b52c81433.jpg?hash=NDBL9vyfeC
fa25-fe	FE	45	243974	https://data.fuoverflow.com/attachments/122/122296-f3a0fa43fd0f10e271b6701eeea476ac.jpg?hash=LkNOgtpNcq
fa25-fe	FE	46	243975	https://data.fuoverflow.com/attachments/122/122297-892c1c3c57388eae55fcee361abd0e6f.jpg?hash=6eTlkunJiY
fa25-fe	FE	47	243976	https://data.fuoverflow.com/attachments/122/122298-760763fab873a0562d01b8f0e5966c45.jpg?hash=Q-Zzo57bIe
fa25-fe	FE	48	243977	https://data.fuoverflow.com/attachments/122/122299-2c7f50058f28489432cab9eac2e260c0.jpg?hash=TLkJqldYd2
fa25-fe	FE	49	243978	https://data.fuoverflow.com/attachments/122/122300-141ba5fc5a32e0f68c00a6db084a7954.jpg?hash=DQIOGkA4_O
fa25-fe	FE	50	243979	https://data.fuoverflow.com/attachments/122/122301-51246ec0cd5fb3d30eef98ceb92058da.jpg?hash=6jdjTenSuJ
su25-re	RE	1	226868	https://data.fuoverflow.com/attachments/113/113460-8701bba74c67d34060f193baf1876089.jpg?hash=NnGXdmppEI
su25-re	RE	2	226869	https://data.fuoverflow.com/attachments/113/113461-c8736444b45c13508ad668aae324863a.jpg?hash=vtfEljNrNb
su25-re	RE	3	226870	https://data.fuoverflow.com/attachments/113/113462-0105e2a97cf6211383847706a1363d6d.jpg?hash=X9prt-LoJh
su25-re	RE	4	226871	https://data.fuoverflow.com/attachments/113/113463-9337d9463c24d1726a548e3d77e61476.jpg?hash=CztKrcf9X2
su25-re	RE	5	226872	https://data.fuoverflow.com/attachments/113/113464-fe683147953b87905bbf7ea3d00fde47.jpg?hash=BynEJHOcQp
su25-re	RE	6	226873	https://data.fuoverflow.com/attachments/113/113465-2f51be55444aa0115d8b3765eb868ccc.jpg?hash=cYB-8WpsoD
su25-re	RE	7	226874	https://data.fuoverflow.com/attachments/113/113466-4181b277ba6900c9a9141a65581e610c.jpg?hash=Z_ZQnaeyei
su25-re	RE	8	226875	https://data.fuoverflow.com/attachments/113/113467-3b256068376dd6c1750507ac6eec935c.jpg?hash=4GKDoFiRM8
su25-re	RE	9	226876	https://data.fuoverflow.com/attachments/113/113468-1c664a90f5f2658bed0cde128a52b066.jpg?hash=mid_fHECey
su25-re	RE	10	226877	https://data.fuoverflow.com/attachments/113/113469-c8ebe12d72875e05ab7a6ca307ad294e.jpg?hash=3z71vBJuiX
su25-re	RE	11	226878	https://data.fuoverflow.com/attachments/113/113470-16d8ba096c0c38b9576d1e5d163d7eb7.jpg?hash=IIhSSLGmmD
su25-re	RE	12	226879	https://data.fuoverflow.com/attachments/113/113471-de685a24cf556f6cf689fe87969efcaf.jpg?hash=ubbey1oA_a
su25-re	RE	13	226880	https://data.fuoverflow.com/attachments/113/113472-3292112ab6a7f85d75784cd6c1625743.jpg?hash=uKshSVBo1T
su25-re	RE	14	226881	https://data.fuoverflow.com/attachments/113/113473-8468540a3a0de2db8c6e3b1cdd853dd6.jpg?hash=YHmo9SD3Kc
su25-re	RE	15	226882	https://data.fuoverflow.com/attachments/113/113474-38040ae4bb16d53c598c2e23d9a05ed5.jpg?hash=n_Gw7U-Sp9
su25-re	RE	16	226883	https://data.fuoverflow.com/attachments/113/113475-6183d93844c7271408a2e10228c2d1ce.jpg?hash=Crdcp0nAQ6
su25-re	RE	17	226884	https://data.fuoverflow.com/attachments/113/113476-eb1d6c88f6566b9f00f84597b2f2bfa7.jpg?hash=pv3hsaa3zE
su25-re	RE	18	226885	https://data.fuoverflow.com/attachments/113/113477-e39ba4afe194294c9c8d21e9b22601bd.jpg?hash=t5wATb4MCi
su25-re	RE	19	226886	https://data.fuoverflow.com/attachments/113/113478-662253c6401d8746b9f2cfd6ad169266.jpg?hash=F-O7mYjhlN
su25-re	RE	20	226887	https://data.fuoverflow.com/attachments/113/113479-b34e5f475dc72ca5c3c6b5b85e028a6a.jpg?hash=w3zO82vImP
su25-re	RE	21	226888	https://data.fuoverflow.com/attachments/113/113480-c34e74d27237143ab10f6d17248edfbf.jpg?hash=X_MNhXYzTa
su25-re	RE	22	226889	https://data.fuoverflow.com/attachments/113/113481-2dfc5d1cc55b5cb78594269711566c05.jpg?hash=gjAoK09s6N
su25-re	RE	23	226890	https://data.fuoverflow.com/attachments/113/113482-7438671d75dd85bac9937f551af93ecd.jpg?hash=5_MA3T4viz
su25-re	RE	24	226891	https://data.fuoverflow.com/attachments/113/113483-321cc112a6b02cc25c1ace196df8de71.jpg?hash=A2dCqRPJPM
su25-re	RE	25	226892	https://data.fuoverflow.com/attachments/113/113484-b58a51cdc01c1e721a29ad9f3e9a9336.jpg?hash=t0LA7cnbGu
su25-re	RE	26	226893	https://data.fuoverflow.com/attachments/113/113485-17e2bb09977ec223d515a0d2052602fd.jpg?hash=lT0tLB7XU7
su25-re	RE	27	226894	https://data.fuoverflow.com/attachments/113/113486-77301b0135f2fbe97cbea768d1d1f217.jpg?hash=nKwwun4oRG
su25-re	RE	28	226895	https://data.fuoverflow.com/attachments/113/113487-0e01d4afd790026b31f1d92f33825459.jpg?hash=HHbMaHSs8D
su25-re	RE	29	226896	https://data.fuoverflow.com/attachments/113/113488-79f08016c30ce2df5d377d835744b301.jpg?hash=1-RPN0HNcL
su25-re	RE	30	226897	https://data.fuoverflow.com/attachments/113/113489-21f507b49aae1de2027b71fa3778adfe.jpg?hash=H8mL8nP70w
su25-re	RE	31	226898	https://data.fuoverflow.com/attachments/113/113490-6a0000d38133b7c67d8f6eaae3192615.jpg?hash=j3-JRAfaG0
su25-re	RE	32	226899	https://data.fuoverflow.com/attachments/113/113491-12592de4b3ad9a2e66e289eacd066019.jpg?hash=V0Krb09n1O
su25-re	RE	33	226900	https://data.fuoverflow.com/attachments/113/113492-514f1712be3ba641ff08fbdbc07ef937.jpg?hash=bGP3d5TUEf
su25-re	RE	34	226901	https://data.fuoverflow.com/attachments/113/113493-052fc2fd1a21025bc6042dfe7746c4be.jpg?hash=XCclybgc6W
su25-re	RE	35	226902	https://data.fuoverflow.com/attachments/113/113494-8aa594e056b681b7981160a0e5dbcdf7.jpg?hash=HZZrj_PMFw
su25-re	RE	36	226903	https://data.fuoverflow.com/attachments/113/113495-f6df208907a302a11fad7fe9cdab8a52.jpg?hash=arK7oRkvBH
su25-re	RE	37	226904	https://data.fuoverflow.com/attachments/113/113496-60f539071e1a17783305cbb1bddf1b84.jpg?hash=B63ELTdRP1
su25-re	RE	38	226905	https://data.fuoverflow.com/attachments/113/113497-4ae474cf8919a5f8989e8642c0bc0a78.jpg?hash=5J9xvKEy0p
su25-re	RE	39	226906	https://data.fuoverflow.com/attachments/113/113498-104d1ee1da9c65096d24c04b311dfa8a.jpg?hash=phF4SCvnv8
su25-re	RE	40	226907	https://data.fuoverflow.com/attachments/113/113499-ec0e4b4efd23d1a0af0c50b91741733b.jpg?hash=zMb-gtBvzx
su25-re	RE	41	226908	https://data.fuoverflow.com/attachments/113/113500-3bac82389b0635e557816ec62d129a29.jpg?hash=4tC5FaRskL
su25-re	RE	42	226909	https://data.fuoverflow.com/attachments/113/113501-57e4cea0ee7d023b6bf6559a3e89fa30.jpg?hash=gRyxDQNTV3
su25-re	RE	43	226910	https://data.fuoverflow.com/attachments/113/113502-bf0d80fdbf3b723324562efb7d3c8c4a.jpg?hash=EWf2SqEe8c
su25-re	RE	44	226911	https://data.fuoverflow.com/attachments/113/113503-5ec9f3d58bbb1eb9f94e9ba57e5f7ab3.jpg?hash=QR-W8z6ryf
su25-re	RE	45	226912	https://data.fuoverflow.com/attachments/113/113504-0f753f38d16e98c7b25a12e1d9d087ff.jpg?hash=5uudQQmzCN
su25-re	RE	46	226913	https://data.fuoverflow.com/attachments/113/113505-a17a85d697198b96b4419aef9a84b205.jpg?hash=-LULe7-8xA
su25-re	RE	47	226914	https://data.fuoverflow.com/attachments/113/113506-d64efac034e8787e04fc9adb979a2322.jpg?hash=Dd59jsaN3m
su25-re	RE	48	226915	https://data.fuoverflow.com/attachments/113/113507-1bcd50246a80290dfeeba794c4bc19b5.jpg?hash=elnvkjB43g
su25-re	RE	49	226916	https://data.fuoverflow.com/attachments/113/113508-b3244fa34cdecc0baeab6f3dd6932720.jpg?hash=4FUQBVA_vZ
su25-re	RE	50	226917	https://data.fuoverflow.com/attachments/113/113509-f7139663c3ca32670f20ab9b12a2b401.jpg?hash=8tKEd7XR5T
su25-fe	FE	1	223954	https://data.fuoverflow.com/attachments/111/111984-cf427593bb087734723113ce7dc93fcf.jpg?hash=egurffs_t8
su25-fe	FE	2	223955	https://data.fuoverflow.com/attachments/111/111985-9d83280ad03be9590c6f6c60c1806799.jpg?hash=8iK0HhnGxr
su25-fe	FE	3	223956	https://data.fuoverflow.com/attachments/111/111986-7ced0b09a9669061f1826a328c1a1c13.jpg?hash=aibzBtPV1j
su25-fe	FE	4	223957	https://data.fuoverflow.com/attachments/111/111987-b968eb907d09709714747ff605906018.jpg?hash=cRIZxpfQst
su25-fe	FE	5	223958	https://data.fuoverflow.com/attachments/111/111988-4ab73b64c629a4077bd3404275a21555.jpg?hash=ceqKipMoM_
su25-fe	FE	6	223959	https://data.fuoverflow.com/attachments/111/111989-549e19de71374332a0d45be0933d8dd8.jpg?hash=yXdulAkos9
su25-fe	FE	7	223960	https://data.fuoverflow.com/attachments/111/111990-afd5a1cb841688dbde7b25b44da34ae5.jpg?hash=prhDxAHSbj
su25-fe	FE	8	223961	https://data.fuoverflow.com/attachments/111/111991-edea98629719bc2ae836bd13b08df605.jpg?hash=0VfDCcV6Dg
su25-fe	FE	9	223962	https://data.fuoverflow.com/attachments/111/111992-ae9c53098edd3cab3d079bd8a61d72af.jpg?hash=6P9MvxWYKi
su25-fe	FE	10	223963	https://data.fuoverflow.com/attachments/111/111993-b4ec8120c9c5665eb312b4270643a4ed.jpg?hash=cL5__RGpHS
su25-fe	FE	11	223964	https://data.fuoverflow.com/attachments/111/111994-6df0d265a1b48e7abb0539e4e142ddb8.jpg?hash=4ylxF0pYDb
su25-fe	FE	12	223965	https://data.fuoverflow.com/attachments/111/111995-0d4d2126ff350b88e1005ab286d22731.jpg?hash=EpjbcxKC8B
su25-fe	FE	13	223966	https://data.fuoverflow.com/attachments/111/111996-8a26c3f68183f1fface8efc8978c7c89.jpg?hash=27wnmEpHZ0
su25-fe	FE	14	223967	https://data.fuoverflow.com/attachments/111/111997-8229fff81445125c19e1c2c54c8a8867.jpg?hash=H9QiHkbeGZ
su25-fe	FE	15	223968	https://data.fuoverflow.com/attachments/111/111998-920741a983d3f301c1b286b70497f27d.jpg?hash=k3MRvAW3uX
su25-fe	FE	16	223969	https://data.fuoverflow.com/attachments/111/111999-5519ec7a5882762ca9e2bddcf819012e.jpg?hash=fsd64MwPT5
su25-fe	FE	17	223970	https://data.fuoverflow.com/attachments/112/112000-e11a076b9914d382f2a794e75d557ad5.jpg?hash=tieYkF23Ek
su25-fe	FE	18	223971	https://data.fuoverflow.com/attachments/112/112001-394271c08f27bc38efa6c8f2aa1206fb.jpg?hash=t_tzWtsOMT
su25-fe	FE	19	223972	https://data.fuoverflow.com/attachments/112/112002-5a1f65f8ca937061a0c2f33c41f0836d.jpg?hash=XZgcXzV2bY
su25-fe	FE	20	223973	https://data.fuoverflow.com/attachments/112/112003-a422f36a3ba88c253beae2304f5d395b.jpg?hash=VHmI5-UY3E
su25-fe	FE	21	223974	https://data.fuoverflow.com/attachments/112/112004-68390109f4b59978c75c5019fd3df0ea.jpg?hash=UfLS_Se6eO
su25-fe	FE	22	223975	https://data.fuoverflow.com/attachments/112/112005-bb1f96471231d99368a131128f50e796.jpg?hash=DD-uvJEgUa
su25-fe	FE	23	223976	https://data.fuoverflow.com/attachments/112/112006-252131d89f2e192a0ada038c0dc74e1c.jpg?hash=bdbx0P4U4I
su25-fe	FE	24	223977	https://data.fuoverflow.com/attachments/112/112007-2d67218078307dc173fa7c71a633ce6b.jpg?hash=Jc9PqoCl02
su25-fe	FE	25	223978	https://data.fuoverflow.com/attachments/112/112008-9949d60241b26b9cd9147a646a050286.jpg?hash=9Q5GMcRodq
su25-fe	FE	26	223979	https://data.fuoverflow.com/attachments/112/112009-a72eaf25f79d65b903b0b473baac5669.jpg?hash=sd067mWbgz
su25-fe	FE	27	223980	https://data.fuoverflow.com/attachments/112/112010-b3661f6bb39a49272189d29417c68cc5.jpg?hash=1yo9vw4wpJ
su25-fe	FE	28	223981	https://data.fuoverflow.com/attachments/112/112011-eaa4379e0099c610e12c2cb23fac847a.jpg?hash=cBevHbeqnr
su25-fe	FE	29	223982	https://data.fuoverflow.com/attachments/112/112012-e72ac52c61ed1b643bc6437a9fe4e502.jpg?hash=gOimtXsdRE
su25-fe	FE	30	223983	https://data.fuoverflow.com/attachments/112/112013-ca21957a6ab4db38cfed6d24cc473476.jpg?hash=TG55WZn9HZ
su25-fe	FE	31	223984	https://data.fuoverflow.com/attachments/112/112014-611a6d6665a2b658c6a44ca91189710f.jpg?hash=3gT-vJJfhH
su25-fe	FE	32	223985	https://data.fuoverflow.com/attachments/112/112015-f157c1745a100c9e1059e20cd62c3746.jpg?hash=ylN0aMOHlG
su25-fe	FE	33	223986	https://data.fuoverflow.com/attachments/112/112016-e524c244b9023d82e8e51780b5d1c5e7.jpg?hash=lE9mFy-1lZ
su25-fe	FE	34	223987	https://data.fuoverflow.com/attachments/112/112017-d9c19003a0d1012446ee5aa6c73e5bf7.jpg?hash=DKfQL31av1
su25-fe	FE	35	223988	https://data.fuoverflow.com/attachments/112/112018-fab6ab38f20624fe8b44facce7dd2e86.jpg?hash=RnxDDHQour
su25-fe	FE	36	223989	https://data.fuoverflow.com/attachments/112/112019-93a3848b0c4b52684b3439c387c0712d.jpg?hash=eRabjMeLiI
su25-fe	FE	37	223990	https://data.fuoverflow.com/attachments/112/112020-b4bed84fca0f2805a7508e5c5b1ee87a.jpg?hash=GQ2YYt7m-l
su25-fe	FE	38	223991	https://data.fuoverflow.com/attachments/112/112021-c9235da4497f625c3b43ca717929b52b.jpg?hash=71rfNYCYdX
su25-fe	FE	39	223992	https://data.fuoverflow.com/attachments/112/112022-4dc04c7e12a5649c5ef06d9bb7313579.jpg?hash=_6bqyMVBNp
su25-fe	FE	40	223993	https://data.fuoverflow.com/attachments/112/112023-067850cce4ee3735ffa4864214d76976.jpg?hash=N6nW30z67P
su25-fe	FE	41	223994	https://data.fuoverflow.com/attachments/112/112024-56cd96fa706603adca2fe5039cccb572.jpg?hash=OQH89FAWjI
su25-fe	FE	42	223995	https://data.fuoverflow.com/attachments/112/112025-bb4df90935638164a3e3f1ce7e8a2ee7.jpg?hash=n1kUnxqBgC
su25-fe	FE	43	223996	https://data.fuoverflow.com/attachments/112/112026-008bdf5bca598f7a105e029c3e914682.jpg?hash=-UBapJqhMH
su25-fe	FE	44	223997	https://data.fuoverflow.com/attachments/112/112027-5bd752d4a488104b17ed0ad59b955f5a.jpg?hash=O8Cf8y_QRm
su25-fe	FE	45	223998	https://data.fuoverflow.com/attachments/112/112028-191a4567a9373dc0303be054a292f7db.jpg?hash=H0-SZg5r2Y
su25-fe	FE	46	223999	https://data.fuoverflow.com/attachments/112/112029-9dfe652d5250a0a6280000b3ce4f1327.jpg?hash=inNQXop80H
su25-fe	FE	47	224000	https://data.fuoverflow.com/attachments/112/112030-4d226521e9fba39cd49c79088180a193.jpg?hash=IYyDlHBXp3
su25-fe	FE	48	224001	https://data.fuoverflow.com/attachments/112/112031-e8f70cb6cf09b20403d8ca4069454404.jpg?hash=TFxcn-QfJJ
su25-fe	FE	49	224002	https://data.fuoverflow.com/attachments/112/112032-7d5b9ec6e9ba0d9de35d63bfec702ce9.jpg?hash=4yUnd0W4h7
su25-fe	FE	50	224003	https://data.fuoverflow.com/attachments/112/112033-efe0c84aaf5dbce67e7fa40cbbadb8a2.jpg?hash=Q7N-FQfn5P
su2023-te2	TE	1	46665	https://data.fuoverflow.com/attachments/21/21726-344016008e030e94e23ad7e9fbb2becc.jpg?hash=H5SeMs3qHP
su2023-te2	TE	2	46666	https://data.fuoverflow.com/attachments/21/21727-87bdcefb7c11738d67d88a3dd04ed52c.jpg?hash=trDEJuDn_6
su2023-te2	TE	3	46667	https://data.fuoverflow.com/attachments/21/21728-85f28618b6f5b577d99d7f24471c074b.jpg?hash=CqzBPRuACw
su2023-te2	TE	4	46668	https://data.fuoverflow.com/attachments/21/21729-bc9cfe5cf1406128d7959e099549fd55.jpg?hash=o67iw45vBD
su2023-te2	TE	5	46669	https://data.fuoverflow.com/attachments/21/21730-ee1b937ad89fb3ca5850819904709a3f.jpg?hash=yayG8lIJmV
su2023-te2	TE	6	46670	https://data.fuoverflow.com/attachments/21/21731-6caa9211faf646d7019e8f3d27917be2.jpg?hash=iPDmSO6GSm
su2023-te2	TE	7	46671	https://data.fuoverflow.com/attachments/21/21732-79b2a409925fd88d7438b76ae2173276.jpg?hash=UGpf_UK5rW
su2023-te2	TE	8	46672	https://data.fuoverflow.com/attachments/21/21733-a2a728c5707fb2eb8d4302235cc3ce3c.jpg?hash=RoLSsB5ai-
su2023-te2	TE	9	46673	https://data.fuoverflow.com/attachments/21/21734-a9e50ee3fec6359ba7a442fdb4db21dc.jpg?hash=JNmHu9U7Td
su2023-te2	TE	10	46674	https://data.fuoverflow.com/attachments/21/21735-28848dc98052664b3fb9b1003e037594.jpg?hash=WMRsYws3fF
su2023-te2	TE	11	46675	https://data.fuoverflow.com/attachments/21/21736-692bb0ecc63f30e51b033882746af993.jpg?hash=12s5crMiRA
su2023-te2	TE	12	46676	https://data.fuoverflow.com/attachments/21/21737-2e4f886e140f9a52415159b1e07ea8e0.jpg?hash=-S39nA5L0a
su2023-te2	TE	13	46677	https://data.fuoverflow.com/attachments/21/21738-f8426b844af8ea1e862e8080af76ee86.jpg?hash=T4iigg9AAx
su2023-te2	TE	14	46678	https://data.fuoverflow.com/attachments/21/21739-63e2af9d2851c105f27d845a919f4381.jpg?hash=clCQtKI32V
su2023-te2	TE	15	46679	https://data.fuoverflow.com/attachments/21/21740-483f6672704cc95e58d140939791e2cb.jpg?hash=kVxw_725wv
su2023-te2	TE	16	46680	https://data.fuoverflow.com/attachments/21/21741-dfe374089bb3bf60b130a0d102b6877a.jpg?hash=xnq9Dqry56
su2023-te2	TE	17	46681	https://data.fuoverflow.com/attachments/21/21742-5f6d8700db8f1108d936906309f38904.jpg?hash=TPyJROiIxq
su2023-te2	TE	18	46682	https://data.fuoverflow.com/attachments/21/21743-5248858335c3727e69a09ea76e87002b.jpg?hash=Zl4l8QnKit
su2023-te2	TE	19	46683	https://data.fuoverflow.com/attachments/21/21744-e9f1bc18d27f4e2b25f123b47ec12a65.jpg?hash=OljkEJQ8Q_
su2023-te2	TE	20	46684	https://data.fuoverflow.com/attachments/21/21745-dbfb0bf88db1b08f9f7c4c2752c9b13a.jpg?hash=9m0hsJRgOA
su2023-te2	TE	21	46685	https://data.fuoverflow.com/attachments/21/21746-1813df5be4c1ab54add416683da7be25.jpg?hash=loeCuQ97dn
su2023-te2	TE	22	46686	https://data.fuoverflow.com/attachments/21/21747-5b8c2b5fc90ccfc13418f63cabd23ba5.jpg?hash=G1_seqj_wS
su2023-te2	TE	23	46687	https://data.fuoverflow.com/attachments/21/21748-6d24b3cdeb443463d2d7e454dcba7184.jpg?hash=V-vfXZRuII
su2023-te2	TE	24	46688	https://data.fuoverflow.com/attachments/21/21749-1dfda39681c1a6fdcc8563a799b2daa8.jpg?hash=2WdHn83LJM
su2023-te2	TE	25	46689	https://data.fuoverflow.com/attachments/21/21750-82e2ab7b52a8cdbc856037d5b3d5ce30.jpg?hash=MvIIleMuZP
su2023-te2	TE	26	46690	https://data.fuoverflow.com/attachments/21/21751-822a1d720702ed56fd066abac87be523.jpg?hash=wgGEYhQJrJ
su2023-te2	TE	27	46691	https://data.fuoverflow.com/attachments/21/21752-d9e380b7f6a700821ccd87056d795ad3.jpg?hash=dCyah30w5J
su2023-te2	TE	28	46692	https://data.fuoverflow.com/attachments/21/21753-0d9b064b8b7d2a471e8401f318ca6ddd.jpg?hash=EWMq3lWbFP
su2023-te2	TE	29	46693	https://data.fuoverflow.com/attachments/21/21754-de5bf7975f7d9c24db38041de0fe6547.jpg?hash=q27HK59PKZ
su2023-te2	TE	30	46694	https://data.fuoverflow.com/attachments/21/21755-5a4225266857b16199cfbe8650dc3fb4.jpg?hash=lJiEMnBmxi
su2023-te2	TE	31	46695	https://data.fuoverflow.com/attachments/21/21756-6a57b07a00fa4c5db17f762d27b928cb.jpg?hash=sQsOk6nCtZ
su2023-te2	TE	32	46696	https://data.fuoverflow.com/attachments/21/21757-4fae155e7f8e30fa9d3de7e5a8e4c6a8.jpg?hash=g2DkAdkqI_
su2023-te2	TE	33	46697	https://data.fuoverflow.com/attachments/21/21758-534df143ac5eb424c1416135870fb7a0.jpg?hash=bWE1UkBYB_
su2023-te2	TE	34	46698	https://data.fuoverflow.com/attachments/21/21759-d4b57df7e4b5c276bf5fd3aaa3ff24dc.jpg?hash=vlPG0_scR5
su2023-te2	TE	35	46699	https://data.fuoverflow.com/attachments/21/21760-a6ff2b072a8bc27935d9df97571213b2.jpg?hash=1B0PVtfGsM
su2023-te2	TE	36	46700	https://data.fuoverflow.com/attachments/21/21761-90f65c0fd904db30c6deeaad698ea4ee.jpg?hash=Dceng9bQCG
su2023-te2	TE	37	46701	https://data.fuoverflow.com/attachments/21/21762-69df1105a4443ae0b508692e1d0cf381.jpg?hash=x6F_ufkS0q
su2023-te2	TE	38	46702	https://data.fuoverflow.com/attachments/21/21763-9f718e0b23e7eb9e010770ec9d8202f4.jpg?hash=8ufj-oaBhX
su2023-te2	TE	39	46703	https://data.fuoverflow.com/attachments/21/21764-5731cf16384f022ba4c3522c12f2d31d.jpg?hash=_223E5lsit
su2023-te2	TE	40	46704	https://data.fuoverflow.com/attachments/21/21765-935bbe058d3c26683548b1e5141c9e4a.jpg?hash=MBwzY7vmsI
su2023-te2	TE	41	46705	https://data.fuoverflow.com/attachments/21/21766-45a38abc86ffa2a7967e41879b96f831.jpg?hash=XN71ko9syj
su2023-te2	TE	42	46706	https://data.fuoverflow.com/attachments/21/21767-8b6fb5d8af06595f762e4ee3ae5b6856.jpg?hash=9TdTChWz45
su2023-te2	TE	43	46707	https://data.fuoverflow.com/attachments/21/21768-4669a4fd8760ef4b621ad738ab58e9ed.jpg?hash=8ahuS4tsGX
su2023-te2	TE	44	46708	https://data.fuoverflow.com/attachments/21/21769-16da14817730632d950fa7f921ae804b.jpg?hash=O9d3Kz8W2I
su2023-te2	TE	45	46709	https://data.fuoverflow.com/attachments/21/21770-f5dd290fe15464758a4fcb79060dc31d.jpg?hash=Xisj9ypumk
su2023-te2	TE	46	46710	https://data.fuoverflow.com/attachments/21/21771-5ff7940f3d1399bbe8b24a574db6ba91.jpg?hash=egN3J2LoGl
su2023-te2	TE	47	46711	https://data.fuoverflow.com/attachments/21/21772-90573d1575a6740b4fc4c1d3bc9d482e.jpg?hash=L59f_dW6C2
su2023-te2	TE	48	46712	https://data.fuoverflow.com/attachments/21/21773-0fd63febf1ca89df7559e49ed065c45f.jpg?hash=TyVjWlihlu
su2023-te2	TE	49	46713	https://data.fuoverflow.com/attachments/21/21774-5419f5edcdc910ecff41e93deb954b26.jpg?hash=l0vNMo6eUm
su2023-te2	TE	50	46714	https://data.fuoverflow.com/attachments/21/21775-9a87a338e2a3b3e716a4e376aa1c5c4a.jpg?hash=UUzMvg7SGs
fa2024-fe	FE	1	167898	https://data.fuoverflow.com/attachments/83/83398-d8ee4726386e7617949453a74e00ba52.jpg?hash=X7vrq_PNh4
fa2024-fe	FE	2	167899	https://data.fuoverflow.com/attachments/83/83399-2625fd432027dd176dd4573cba7b8981.jpg?hash=Y1IsikAmqf
fa2024-fe	FE	3	167900	https://data.fuoverflow.com/attachments/83/83400-3ab007b408e85958f54c6854715fc688.jpg?hash=2r35K_uTYf
fa2024-fe	FE	4	167901	https://data.fuoverflow.com/attachments/83/83401-4ba6db7d27bdac335668b4a5ef0196ac.jpg?hash=d3C2Xnxdkx
fa2024-fe	FE	5	167902	https://data.fuoverflow.com/attachments/83/83402-0b7914bea7a1c7521cc63ced59ea3eb3.jpg?hash=mCY_iBJNvx
fa2024-fe	FE	6	167903	https://data.fuoverflow.com/attachments/83/83403-1584aa9618e239c8e6e1c76d91ab5278.jpg?hash=ceMo75Jz5q
fa2024-fe	FE	7	167904	https://data.fuoverflow.com/attachments/83/83404-96689593d13cd2aa1748f5c39b5b63ea.jpg?hash=nct3ktn0UK
fa2024-fe	FE	8	167905	https://data.fuoverflow.com/attachments/83/83405-da09597a7ab67fb0bbba4ab3e6c682ba.jpg?hash=FpQY-ShSPP
fa2024-fe	FE	9	167906	https://data.fuoverflow.com/attachments/83/83406-c436d53a6c13847caa14f5c0126372f2.jpg?hash=eOjE1IVh-t
fa2024-fe	FE	10	167907	https://data.fuoverflow.com/attachments/83/83407-0eea150975d0ed760c1e7c3f8dfdacba.jpg?hash=Eg9qI2iLm5
fa2024-fe	FE	11	167908	https://data.fuoverflow.com/attachments/83/83408-168d0cfee62df9f0ea4c52d7e4894d23.jpg?hash=wN07gHpVjI
fa2024-fe	FE	12	167909	https://data.fuoverflow.com/attachments/83/83409-bffaea2b56af103b0fd583f568f6e0c8.jpg?hash=AmhrfHRvLi
fa2024-fe	FE	13	167910	https://data.fuoverflow.com/attachments/83/83410-02f2e05737bb5ad1a0c621b91d2a52ed.jpg?hash=90dLzFNQh-
fa2024-fe	FE	14	167911	https://data.fuoverflow.com/attachments/83/83411-2f7a41c9255f41f749889d8b4162718f.jpg?hash=EtqTuSbKfE
fa2024-fe	FE	15	167912	https://data.fuoverflow.com/attachments/83/83412-4a1614ace4094f29481950c33f1052f8.jpg?hash=YZEDJ2ompl
fa2024-fe	FE	16	167913	https://data.fuoverflow.com/attachments/83/83413-c3c2a8f50c447da6bda9787e3de0373c.jpg?hash=xUwZmzyL9m
fa2024-fe	FE	17	167914	https://data.fuoverflow.com/attachments/83/83414-77011f8ab87eed9082778d90d4720594.jpg?hash=PZfqZqrgYd
fa2024-fe	FE	18	167915	https://data.fuoverflow.com/attachments/83/83415-1aa8ed92e3cb460aa01dfb6e41854e77.jpg?hash=WJfewsTUlV
fa2024-fe	FE	19	167916	https://data.fuoverflow.com/attachments/83/83416-abe99be84e2f5deb1516e0ab8cb1d2ed.jpg?hash=XCaRYdxlgR
fa2024-fe	FE	20	167917	https://data.fuoverflow.com/attachments/83/83417-a26ad6d640e3eee5fa98051a8dce61c3.jpg?hash=L5kIWnmlPh
fa2024-fe	FE	21	167918	https://data.fuoverflow.com/attachments/83/83418-841fc2a0c54713a83df1a808d3bd1bd8.jpg?hash=I6GKBhOdp1
fa2024-fe	FE	22	167919	https://data.fuoverflow.com/attachments/83/83419-5b3e332436e0dd8cb8076d954d2923c1.jpg?hash=I5TUTgTWLb
fa2024-fe	FE	23	167920	https://data.fuoverflow.com/attachments/83/83420-73cecf807e0da7e2995bd3d5550c136e.jpg?hash=CYYcAw26pK
fa2024-fe	FE	24	167921	https://data.fuoverflow.com/attachments/83/83421-14932e4dd89cfbc4700972f4f62b0175.jpg?hash=v7eeoSngVq
fa2024-fe	FE	25	167922	https://data.fuoverflow.com/attachments/83/83422-35d3dc6bed2f3161f47744f721af3662.jpg?hash=vKsNVMWowK
fa2024-fe	FE	26	167923	https://data.fuoverflow.com/attachments/83/83423-21e28b7eeca9f15b83ef9a131fc4bcc2.jpg?hash=YtwgDsBT3b
fa2024-fe	FE	27	167924	https://data.fuoverflow.com/attachments/83/83424-2b8002d5da07c1adb3ffd444a8a2bb86.jpg?hash=MIutktQrWU
fa2024-fe	FE	28	167925	https://data.fuoverflow.com/attachments/83/83425-e4f350aa23b317d8c56ae54687fc4d78.jpg?hash=gqVizhYcsw
fa2024-fe	FE	29	167926	https://data.fuoverflow.com/attachments/83/83426-14f32767d508bc9e420dc8e955ced666.jpg?hash=1wBWIOkunn
fa2024-fe	FE	30	167927	https://data.fuoverflow.com/attachments/83/83427-a134d44a7d85ff4f289c684c0a8b1ed8.jpg?hash=owXnlHcyra
fa2024-fe	FE	31	167928	https://data.fuoverflow.com/attachments/83/83428-014c41190dd31f1ed557e43cfb71efcb.jpg?hash=OaRcRFlh_p
fa2024-fe	FE	32	167929	https://data.fuoverflow.com/attachments/83/83429-d31aa7080e107f37ed51f3f111d2f452.jpg?hash=aO8MywRBHu
fa2024-fe	FE	33	167930	https://data.fuoverflow.com/attachments/83/83430-484832b6e2f57e547f55765e6420a224.jpg?hash=Ls2uRmn63V
fa2024-fe	FE	34	167931	https://data.fuoverflow.com/attachments/83/83431-1d3f6e7c87c2472b9c61b1298a7b8f45.jpg?hash=Gii3dgnDqv
fa2024-fe	FE	35	167932	https://data.fuoverflow.com/attachments/83/83432-f8879dacbe1a7a795ba813bbd29af519.jpg?hash=k1iJlIazjv
fa2024-fe	FE	36	167933	https://data.fuoverflow.com/attachments/83/83433-a6a5535fa0230cd0ff8df376318e1ba6.jpg?hash=9vvQDEJ63b
fa2024-fe	FE	37	167934	https://data.fuoverflow.com/attachments/83/83434-66a556c064d9d394b3192d780d3b8247.jpg?hash=JEW4y8tscK
fa2024-fe	FE	38	167935	https://data.fuoverflow.com/attachments/83/83435-b6d92bebbf15f3cc1116fd7fdbf5c2a9.jpg?hash=QEM5Ztvbhw
fa2024-fe	FE	39	167936	https://data.fuoverflow.com/attachments/83/83436-19048789a0cdb523f7e5a4aaed3760e3.jpg?hash=mxfkMn54qp
fa2024-fe	FE	40	167937	https://data.fuoverflow.com/attachments/83/83437-71d9487c6083eca26b777d8f5f5f05b0.jpg?hash=QbuRaApobR
fa2024-fe	FE	41	167938	https://data.fuoverflow.com/attachments/83/83438-f7fc305d944d877de3ada0cd1433f6aa.jpg?hash=7pJSqbND8_
fa2024-fe	FE	42	167939	https://data.fuoverflow.com/attachments/83/83439-0d2b581b72ec3b7426c2a1244c00c80d.jpg?hash=HiKh2_r62e
fa2024-fe	FE	43	167940	https://data.fuoverflow.com/attachments/83/83440-6e0618e7d37129e9e84b07015cef8293.jpg?hash=Pg_nd_QOCA
fa2024-fe	FE	44	167941	https://data.fuoverflow.com/attachments/83/83441-86f55da3274790b11b083b2131928cc6.jpg?hash=Hux3fbrwDM
fa2024-fe	FE	45	167942	https://data.fuoverflow.com/attachments/83/83442-e7249dcec5f0c679a644e06d889e6039.jpg?hash=nTF_zUvbrh
fa2024-fe	FE	46	167943	https://data.fuoverflow.com/attachments/83/83443-9e0e659ed9102c2959e15e910d617332.jpg?hash=O9ylIhQqMn
fa2024-fe	FE	47	167944	https://data.fuoverflow.com/attachments/83/83444-544c691e5ddaf9b8890d9fe6352e28b1.jpg?hash=0zJDSytq0a
fa2024-fe	FE	48	167945	https://data.fuoverflow.com/attachments/83/83445-80034d2710c8b31de9c78c9871a776a9.jpg?hash=Xch1zeBRnj
fa2024-fe	FE	49	167946	https://data.fuoverflow.com/attachments/83/83446-6f7a79d2dd008bbdbf244e80cd7b11cf.jpg?hash=WXoe7-tkwJ
fa2024-fe	FE	50	167947	https://data.fuoverflow.com/attachments/83/83447-b8dc5966cbe7fdcdfa25c3c3b5b0c4ec.jpg?hash=sYujIrNb8I
fa2024-re	RE	1	170264	https://data.fuoverflow.com/attachments/84/84609-27bda93d73844364bc51abca59f61d8e.jpg?hash=k6-eFk-pN4
fa2024-re	RE	2	170265	https://data.fuoverflow.com/attachments/84/84610-22e5ea58c3f95ae04c773afeedc5f9ed.jpg?hash=w2N3_L-SQw
fa2024-re	RE	3	170266	https://data.fuoverflow.com/attachments/84/84611-75f07ba5227075ba0fd42d9a546b8585.jpg?hash=LW3L4OxSNd
fa2024-re	RE	4	170267	https://data.fuoverflow.com/attachments/84/84612-5d224ab21ec6495dbc8e63db7d5ad1d6.jpg?hash=SDbJtcuuTY
fa2024-re	RE	5	170268	https://data.fuoverflow.com/attachments/84/84613-b6fb8e336b08a05be42cb7c53f3944ed.jpg?hash=nzPrGKCHlR
fa2024-re	RE	6	170269	https://data.fuoverflow.com/attachments/84/84614-4a3b2c5f497d1adc06600eda2e7058e0.jpg?hash=njHAY4mxz0
fa2024-re	RE	7	170270	https://data.fuoverflow.com/attachments/84/84615-0f2a0d2e6b7b9c94133326d5245326e3.jpg?hash=sCjF9Zsbyi
fa2024-re	RE	8	170271	https://data.fuoverflow.com/attachments/84/84616-037a922fe29bdaf06555c9b70c46c3af.jpg?hash=eIrnFqRph6
fa2024-re	RE	9	170272	https://data.fuoverflow.com/attachments/84/84617-e5999c4b965e86fb03c2e6898f6376b8.jpg?hash=HXqbcwJTFl
fa2024-re	RE	10	170273	https://data.fuoverflow.com/attachments/84/84618-36c7bd80964c20df29d5b350d2cde89d.jpg?hash=zzhcHfnALe
fa2024-re	RE	11	170274	https://data.fuoverflow.com/attachments/84/84619-2e697c84696970eb0bf33853fdfb3015.jpg?hash=CKXVBcY_K4
fa2024-re	RE	12	170275	https://data.fuoverflow.com/attachments/84/84620-2728b44a715668dd16898ddf1e2b378d.jpg?hash=X3pFU0S-Oz
fa2024-re	RE	13	170276	https://data.fuoverflow.com/attachments/84/84621-a2c3fbec762708a3429fea9b5fcd608b.jpg?hash=jFabLYhSsn
fa2024-re	RE	14	170277	https://data.fuoverflow.com/attachments/84/84622-50c7df42c9d97ebb894bc5e7a5195d78.jpg?hash=3Rfdb35Cj_
fa2024-re	RE	15	170278	https://data.fuoverflow.com/attachments/84/84623-7f2b7c12b6394f0849a5fbfb70b7ccc6.jpg?hash=1No8BIbSNF
fa2024-re	RE	16	170279	https://data.fuoverflow.com/attachments/84/84624-094f508ce7c6518d3bdf18b3e917409a.jpg?hash=XdPSWeFt6R
fa2024-re	RE	17	170280	https://data.fuoverflow.com/attachments/84/84625-3c5c032327b42a26a6cdce7ee86ae718.jpg?hash=iIeaXCdQBG
fa2024-re	RE	18	170281	https://data.fuoverflow.com/attachments/84/84626-1f465fbcb8bf86be3d57f19a7aeba869.jpg?hash=bmjSAzXMHK
fa2024-re	RE	19	170282	https://data.fuoverflow.com/attachments/84/84627-95ae11d44959cdf2d4df83eb19109ff9.jpg?hash=4RUjXWePdK
fa2024-re	RE	20	170283	https://data.fuoverflow.com/attachments/84/84628-8a495b59c6f1c24f59f1cb1f00575f65.jpg?hash=lgTsdvj_m8
fa2024-re	RE	21	170284	https://data.fuoverflow.com/attachments/84/84629-13ed6e5546bb97a6dc6ce5946712640c.jpg?hash=M9m3zQ44Pc
fa2024-re	RE	22	170285	https://data.fuoverflow.com/attachments/84/84630-542c335c41f17d406e3dbdb43a700f99.jpg?hash=deMij7cT_a
fa2024-re	RE	23	170286	https://data.fuoverflow.com/attachments/84/84631-672a2c253d180577e098bfe80dec4bad.jpg?hash=plvprVlOEH
fa2024-re	RE	24	170287	https://data.fuoverflow.com/attachments/84/84632-887c938cbae35eec9aefff0c4550c524.jpg?hash=tni74jsgVn
fa2024-re	RE	25	170288	https://data.fuoverflow.com/attachments/84/84633-4818cf98d6feb8c9debf3a5ce13dcd61.jpg?hash=JmK4nK5rnD
fa2024-re	RE	26	170289	https://data.fuoverflow.com/attachments/84/84634-e2e99ee50ed9cb3d9ce78ce183b63985.jpg?hash=FRpG_U8oHT
fa2024-re	RE	27	170290	https://data.fuoverflow.com/attachments/84/84635-7ddfabb1e79870c4949a2d4a91e3a6de.jpg?hash=-BQJoSUqMw
fa2024-re	RE	28	170291	https://data.fuoverflow.com/attachments/84/84636-ce1065c0a3178b60dee3d713e058ae2c.jpg?hash=q5vlCSIvYb
fa2024-re	RE	29	170292	https://data.fuoverflow.com/attachments/84/84637-76ae53bc7a7a159b3eecad34d6111ae1.jpg?hash=uycdunolrf
fa2024-re	RE	30	170293	https://data.fuoverflow.com/attachments/84/84638-161332858a0a4e9381724b77ff4d0a4e.jpg?hash=HIZDxxl9zW
fa2024-re	RE	31	170294	https://data.fuoverflow.com/attachments/84/84639-49b092d766ea2d4e22db313e1216a50b.jpg?hash=qcBNV-coKT
fa2024-re	RE	32	170295	https://data.fuoverflow.com/attachments/84/84640-0055a8f94c93a29901a4704202540b71.jpg?hash=PsvA2G5-gm
fa2024-re	RE	33	170296	https://data.fuoverflow.com/attachments/84/84641-62a1b7b480a11d4cc3261f48bd0bbffe.jpg?hash=lmK1Jca4pH
fa2024-re	RE	34	170297	https://data.fuoverflow.com/attachments/84/84642-1d3f6e7c87c2472b9c61b1298a7b8f45.jpg?hash=8xL81PkfpH
fa2024-re	RE	35	170298	https://data.fuoverflow.com/attachments/84/84643-be3adbb4a7317470d0ccea16a0aa93e6.jpg?hash=61upe1oj9r
fa2024-re	RE	36	170299	https://data.fuoverflow.com/attachments/84/84644-8fc691822d3f2de8848ccbd3e3695673.jpg?hash=ssZkxzIZaw
fa2024-re	RE	37	170300	https://data.fuoverflow.com/attachments/84/84645-d9281dfba75b452b87e46a10677a2b37.jpg?hash=LT3bxEvZz1
fa2024-re	RE	38	170301	https://data.fuoverflow.com/attachments/84/84646-2b6b5558fe4b681c5450fbef1bf44bba.jpg?hash=DrlPJFgf0F
fa2024-re	RE	39	170302	https://data.fuoverflow.com/attachments/84/84647-fab60f58d32096888819c61efb9f4bbc.jpg?hash=-v0DlhvvYs
fa2024-re	RE	40	170303	https://data.fuoverflow.com/attachments/84/84648-0b96cd71233d2caaa12bb338a91412ee.jpg?hash=a-O-8zND93
fa2024-re	RE	41	170304	https://data.fuoverflow.com/attachments/84/84649-8f198407ab2f273b308437339af1f0ba.jpg?hash=1ZvIdDoYmi
fa2024-re	RE	42	170305	https://data.fuoverflow.com/attachments/84/84650-2c1791d92022fda88800c87f3df5ad19.jpg?hash=BkIJP7nhrA
fa2024-re	RE	43	170306	https://data.fuoverflow.com/attachments/84/84651-c077c85a4fd2b304b51fa7f083fa62cd.jpg?hash=fqQTdHcvJU
fa2024-re	RE	44	170307	https://data.fuoverflow.com/attachments/84/84652-f2f539efaea4650de51b4b6b9071e752.jpg?hash=I6-hwveepz
fa2024-re	RE	45	170308	https://data.fuoverflow.com/attachments/84/84653-c54f266c8dfcecd588b5b02ad9628ece.jpg?hash=PHwEA69bfH
fa2024-re	RE	46	170309	https://data.fuoverflow.com/attachments/84/84654-3ff34d1b01a63ad311d403cd17f5c0f7.jpg?hash=h0LTaJYcS-
fa2024-re	RE	47	170310	https://data.fuoverflow.com/attachments/84/84655-544c691e5ddaf9b8890d9fe6352e28b1.jpg?hash=qLAsV3Yhb8
fa2024-re	RE	48	170311	https://data.fuoverflow.com/attachments/84/84656-0d2c86bb44f5811f883362851fc5c4da.jpg?hash=vRpAmQAWnU
fa2024-re	RE	49	170312	https://data.fuoverflow.com/attachments/84/84657-45d470487659947060c9541bec045da5.jpg?hash=kQN0RUD6CJ
fa2024-re	RE	50	170313	https://data.fuoverflow.com/attachments/84/84658-2f54f93834e25ea14ca93256277317ed.jpg?hash=-F4OelKUoq
sp24-re	RE	1	105112	https://data.fuoverflow.com/attachments/51/51504-6cb4fe50ed2d005a5eb98d47cf1db0b3.jpg?hash=C4O9GKIa-P
sp24-re	RE	2	105113	https://data.fuoverflow.com/attachments/51/51505-316d0286572bd64d76cbacc80299f55a.jpg?hash=w7Tis7xirH
sp24-re	RE	3	105114	https://data.fuoverflow.com/attachments/51/51506-9f8cb08b54165a49a4a6483cabb3d918.jpg?hash=F2vOQytKks
sp24-re	RE	4	105115	https://data.fuoverflow.com/attachments/51/51507-8c3d9c6a44e8bbbce1153add743f7393.jpg?hash=Lv8dOozv3A
sp24-re	RE	5	105116	https://data.fuoverflow.com/attachments/51/51508-08e99cdafbb80677f59c25cd441bbed4.jpg?hash=wq8F9CNPpE
sp24-re	RE	6	105117	https://data.fuoverflow.com/attachments/51/51509-fe89bdb9b6f52b9fabcca72d1efc79e0.jpg?hash=k4aeQH97a4
sp24-re	RE	7	105118	https://data.fuoverflow.com/attachments/51/51510-6cfb5659d83f3c9f456608da58b2ac8f.jpg?hash=SR75Wna-ib
sp24-re	RE	8	105119	https://data.fuoverflow.com/attachments/51/51511-f6dce220923e007304b98f7406f28ce2.jpg?hash=bp8cJTjljO
sp24-re	RE	9	105120	https://data.fuoverflow.com/attachments/51/51512-660ce805d277bf7ab493a4a4328fe31a.jpg?hash=ZEdzma3KHi
sp24-re	RE	10	105121	https://data.fuoverflow.com/attachments/51/51513-2c339e033d3d66f8e7a841c6ed694ab2.jpg?hash=gdpdIZYhfF
sp24-re	RE	11	105122	https://data.fuoverflow.com/attachments/51/51514-000b83c260f9050097cc135dc7d635ea.jpg?hash=xOMURxhzbm
sp24-re	RE	12	105123	https://data.fuoverflow.com/attachments/51/51515-0162f424972f15289c94131e8624d6f4.jpg?hash=0HOHNGiPdo
sp24-re	RE	13	105124	https://data.fuoverflow.com/attachments/51/51516-d41c736b6e06b5e0cbe6ada5a5a9f460.jpg?hash=z4-tIMRP8K
sp24-re	RE	14	105125	https://data.fuoverflow.com/attachments/51/51517-5991974bcbeb1cd1c71b5de08f7d1387.jpg?hash=6eY1HQjakX
sp24-re	RE	15	105126	https://data.fuoverflow.com/attachments/51/51518-e5eba5858c68371a540e343affbb0687.jpg?hash=jVdzk057Vz
sp24-re	RE	16	105127	https://data.fuoverflow.com/attachments/51/51519-9cc8d84991b05865115e4e8deb864c9c.jpg?hash=w3WS8Z_O2D
sp24-re	RE	17	105128	https://data.fuoverflow.com/attachments/51/51520-6687b25bf48bf446b5f2a1c8304f3bef.jpg?hash=Bp-aiahgYn
sp24-re	RE	18	105129	https://data.fuoverflow.com/attachments/51/51521-ad7b0986b4dfe2975459fd787fc0306e.jpg?hash=qr3sDT7CHi
sp24-re	RE	19	105130	https://data.fuoverflow.com/attachments/51/51522-0b09467014684dbf12cb74c1c261f843.jpg?hash=n8j8_qzm0V
sp24-re	RE	20	105131	https://data.fuoverflow.com/attachments/51/51523-d16d0b4bede3ca80d397df27803de5d6.jpg?hash=jplCYqy5wF
sp24-re	RE	21	105132	https://data.fuoverflow.com/attachments/51/51524-b7578c322206b7f0398ad04e857334ee.jpg?hash=uP6UTNdAYL
sp24-re	RE	22	105133	https://data.fuoverflow.com/attachments/51/51525-b048497d8b9daef3713b00eeac2a2c04.jpg?hash=HstJoekpNH
sp24-re	RE	23	105134	https://data.fuoverflow.com/attachments/51/51526-43a59d73d31a3152a2225a9a3816106d.jpg?hash=wltdYRWYUt
sp24-re	RE	24	105135	https://data.fuoverflow.com/attachments/51/51527-b839e345b98348719f3e54d8f2e1dfc6.jpg?hash=fqY0wKt8NJ
sp24-re	RE	25	105136	https://data.fuoverflow.com/attachments/51/51528-205b960a3b56421331ca1047769af6bd.jpg?hash=ZlyRcG-P6u
sp24-re	RE	26	105137	https://data.fuoverflow.com/attachments/51/51529-69f03b0d6a8b095c5d9927fc0d3234f4.jpg?hash=bPPFHZduYv
sp24-re	RE	27	105138	https://data.fuoverflow.com/attachments/51/51530-53d662f36a6dce755b8238b0e7f07dd6.jpg?hash=6M2v3aAIci
sp24-re	RE	28	105139	https://data.fuoverflow.com/attachments/51/51531-ec4ae92519899f99badbeb4d5b09c5c9.jpg?hash=LDDPziFdpu
sp24-re	RE	29	105140	https://data.fuoverflow.com/attachments/51/51532-7c83dae5ba842179b78f9a9ec79a5e00.jpg?hash=alLm7fK4iM
sp24-re	RE	30	105141	https://data.fuoverflow.com/attachments/51/51533-e8ac9ec2a0c4304f835a422a0f081b71.jpg?hash=ZL1p4pLi2b
sp24-re	RE	31	105142	https://data.fuoverflow.com/attachments/51/51534-fde8e1ba67610122f59b844617f9a0aa.jpg?hash=ah_m9lRgsu
sp24-re	RE	32	105143	https://data.fuoverflow.com/attachments/51/51535-9b492be4ee4c82e50dc90ce30937bfe0.jpg?hash=M3kLduIVsu
sp24-re	RE	33	105144	https://data.fuoverflow.com/attachments/51/51536-010da15ed9fecaae0e84b14829613032.jpg?hash=BNoCbWwUSm
sp24-re	RE	34	105145	https://data.fuoverflow.com/attachments/51/51537-4ea5170e952cd08e9e1710585288a992.jpg?hash=pvmI1fW7hL
sp24-re	RE	35	105146	https://data.fuoverflow.com/attachments/51/51538-37394353dd1f42d82a51eadc5525246c.jpg?hash=7cIou6Su_r
sp24-re	RE	36	105147	https://data.fuoverflow.com/attachments/51/51539-03a24a9d246d9e97f42cdedb628dc14f.jpg?hash=93UkyL_Fq_
sp24-re	RE	37	105148	https://data.fuoverflow.com/attachments/51/51540-48c148e330c902e19525f29523ec9899.jpg?hash=wj09I7DUtO
sp24-re	RE	38	105149	https://data.fuoverflow.com/attachments/51/51541-c60d78d8057c45ba5e503bd92af41c0c.jpg?hash=hsIaX7GJX1
sp24-re	RE	39	105150	https://data.fuoverflow.com/attachments/51/51542-4555754df07139a74877673cb453c8ef.jpg?hash=uEVLxpLnM6
sp24-re	RE	40	105151	https://data.fuoverflow.com/attachments/51/51543-03f8b886b70866796f0728c106d7095f.jpg?hash=T6-SSaMSYO
sp24-re	RE	41	105152	https://data.fuoverflow.com/attachments/51/51544-11a5738582e4d3fee3397709bffe48b6.jpg?hash=xjIjvTLyq8
sp24-re	RE	42	105153	https://data.fuoverflow.com/attachments/51/51545-cda4a223b15f8fd6f987e868e960bd36.jpg?hash=IjQFQ4eWhp
sp24-re	RE	43	105154	https://data.fuoverflow.com/attachments/51/51546-e81cdd8731d71a4bc88e6569ed71177b.jpg?hash=GOBYg653iy
sp24-re	RE	44	105155	https://data.fuoverflow.com/attachments/51/51547-d200ceb57432f290d8e17499c7ace135.jpg?hash=muzaTwh4_P
sp24-re	RE	45	105156	https://data.fuoverflow.com/attachments/51/51548-b9694163e2359e1eb1cb986d5611bec0.jpg?hash=aouKeXA-Ah
sp24-re	RE	46	105157	https://data.fuoverflow.com/attachments/51/51549-e420462b821a24ebb79034629e4a9539.jpg?hash=eVfN3gE9sh
sp24-re	RE	47	105158	https://data.fuoverflow.com/attachments/51/51550-a9aa9f0a918d0564f2622cedd6ac3846.jpg?hash=C8fclPI0Vs
sp24-re	RE	48	105159	https://data.fuoverflow.com/attachments/51/51551-4e9e668553ec5d75c4a28a96e6d161c5.jpg?hash=YCct34p9Sf
sp24-re	RE	49	105160	https://data.fuoverflow.com/attachments/51/51552-2663a8208347d563e607c4b853ba6329.jpg?hash=KXxFR-GReQ
sp24-re	RE	50	105161	https://data.fuoverflow.com/attachments/51/51553-1c1bcefc835e8832de8cfc304bc979fc.jpg?hash=3DWbi6k7PC
sp24-fe	FE	1	102552	https://data.fuoverflow.com/attachments/50/50181-72b62e5b10595fbd08f77ae701af3b76.jpg?hash=D1drVV4kFE
sp24-fe	FE	2	102553	https://data.fuoverflow.com/attachments/50/50182-e666ee17c5e7abf36f3afd53f8055702.jpg?hash=4E8BRWNMOa
sp24-fe	FE	3	102554	https://data.fuoverflow.com/attachments/50/50183-e4a9e7e285b7f4cce6b7f729e13edc49.jpg?hash=nEy86yAcmT
sp24-fe	FE	4	102555	https://data.fuoverflow.com/attachments/50/50184-e08164dce9d0bebe526ff7dfeb57d549.jpg?hash=Od5AolpcMj
sp24-fe	FE	5	102556	https://data.fuoverflow.com/attachments/50/50185-d519c49405a7aa6343750422e2ff5184.jpg?hash=p8lfnFS5cG
sp24-fe	FE	6	102557	https://data.fuoverflow.com/attachments/50/50186-ab70b38e949f468d4ee49f4a020869fe.jpg?hash=2KaTpI3Idd
sp24-fe	FE	7	102558	https://data.fuoverflow.com/attachments/50/50187-2d4dc631d465834908f4db3374b25f10.jpg?hash=SxGLXZB-wn
sp24-fe	FE	8	102559	https://data.fuoverflow.com/attachments/50/50188-5d15a2ddbdd2fba9bc0fe0fc25e280ef.jpg?hash=fr98pBiSWH
sp24-fe	FE	9	102560	https://data.fuoverflow.com/attachments/50/50189-f2601a396010c421cb19d53367bb1f75.jpg?hash=Y_F9Ncifan
sp24-fe	FE	10	102561	https://data.fuoverflow.com/attachments/50/50190-c2db87c55ec368bfaf419c1c40ec067b.jpg?hash=g7Jjic_J1F
sp24-fe	FE	11	102562	https://data.fuoverflow.com/attachments/50/50191-3a41ebfd84815f1f8a466f169adb33ac.jpg?hash=SGEBxsrzVC
sp24-fe	FE	12	102563	https://data.fuoverflow.com/attachments/50/50192-71b7173d6ee50df0919648b813341ecf.jpg?hash=yyG7gJYiUz
sp24-fe	FE	13	102564	https://data.fuoverflow.com/attachments/50/50193-ffd65af78503618118f4837baaabccf7.jpg?hash=w_EsH0_qd7
sp24-fe	FE	14	102565	https://data.fuoverflow.com/attachments/50/50194-40049da21508e8bd2f3fc2ea0b727893.jpg?hash=NK_WuJYDXu
sp24-fe	FE	15	102566	https://data.fuoverflow.com/attachments/50/50195-764937e289e20e9df54096a64afe6aa3.jpg?hash=Ou0z6yX4hB
sp24-fe	FE	16	102567	https://data.fuoverflow.com/attachments/50/50196-7eee5950d04e3903f5c652afce36bf89.jpg?hash=4AeACANL9v
sp24-fe	FE	17	102568	https://data.fuoverflow.com/attachments/50/50197-3bed0f0cc61d1e6ad8dc661e286b4d40.jpg?hash=gVBKqdCHe9
sp24-fe	FE	18	102569	https://data.fuoverflow.com/attachments/50/50198-5d3bf4e2dcbe5e3e50967af37e717a0f.jpg?hash=kkEsFf-1HQ
sp24-fe	FE	19	102570	https://data.fuoverflow.com/attachments/50/50199-e967f426e795babfa6fe5dbcddd0c6c4.jpg?hash=jt_y9MRNDJ
sp24-fe	FE	20	102571	https://data.fuoverflow.com/attachments/50/50200-eb937859df3028ba71e88beba451f4c8.jpg?hash=B_2PZKBmWM
sp24-fe	FE	21	102572	https://data.fuoverflow.com/attachments/50/50201-f2f4cb7da7372c480a38d17df1a958e6.jpg?hash=XctoWIX2TI
sp24-fe	FE	22	102573	https://data.fuoverflow.com/attachments/50/50202-86e0f65506e1fd0416bf85f93baf6552.jpg?hash=bkHnWk_wNo
sp24-fe	FE	23	102574	https://data.fuoverflow.com/attachments/50/50203-f388eb8da1a2abc9d2dc3f950141a7aa.jpg?hash=lzbP3Ua2uy
sp24-fe	FE	24	102575	https://data.fuoverflow.com/attachments/50/50204-e1df9ddd997193bf050fbf850ff79acb.jpg?hash=fOGMGGU9MK
sp24-fe	FE	25	102576	https://data.fuoverflow.com/attachments/50/50205-a32f2c28bb6ca6bff184d1f90294f6fa.jpg?hash=5YOSNEA_wU
sp24-fe	FE	26	102577	https://data.fuoverflow.com/attachments/50/50206-5b87ec1a5ed85e2e9386c92b8dd87f4a.jpg?hash=yNqzivpT32
sp24-fe	FE	27	102578	https://data.fuoverflow.com/attachments/50/50207-4220abf9116571ad16ede8696554531d.jpg?hash=k0ZDQOl82N
sp24-fe	FE	28	102579	https://data.fuoverflow.com/attachments/50/50208-b9ec8a67560b0bef167b40c60e0acfa5.jpg?hash=XsRKn-1w36
sp24-fe	FE	29	102580	https://data.fuoverflow.com/attachments/50/50209-7178ab92ec5424dc6ab69a0ad6d4aefa.jpg?hash=2CbOu9t2g-
sp24-fe	FE	30	102581	https://data.fuoverflow.com/attachments/50/50210-d4bb619b74e2a9f94b4d1de6fda9d3d9.jpg?hash=YvvzWvlTpa
sp24-fe	FE	31	102582	https://data.fuoverflow.com/attachments/50/50211-16e960f3575035e5f2af8844640d6fa0.jpg?hash=SxMaZMxrUW
sp24-fe	FE	32	102583	https://data.fuoverflow.com/attachments/50/50212-af175cbb01d1c2b9e8e0709a7281f4e9.jpg?hash=dPdwnE8YWC
sp24-fe	FE	33	102584	https://data.fuoverflow.com/attachments/50/50213-1ee61ca43dae42084ece250c021cb716.jpg?hash=lWppnaJEBV
sp24-fe	FE	34	102585	https://data.fuoverflow.com/attachments/50/50214-00526f9cd992184723d5cf01971b71c9.jpg?hash=4oJ5orVWUo
sp24-fe	FE	35	102586	https://data.fuoverflow.com/attachments/50/50215-b2b23f05f2c2fd2e3989e899dff23e2b.jpg?hash=5Q6plECOOJ
sp24-fe	FE	36	102587	https://data.fuoverflow.com/attachments/50/50216-651e8d3272858c645435d17411c9cf83.jpg?hash=iVpV0HC7Az
sp24-fe	FE	37	102588	https://data.fuoverflow.com/attachments/50/50217-376594483fde555f7084745fe496a3aa.jpg?hash=eWL84d61En
sp24-fe	FE	38	102589	https://data.fuoverflow.com/attachments/50/50218-37fe6b992b1b1ade4c7b4efeab0133be.jpg?hash=xiXmnJc2Vo
sp24-fe	FE	39	102590	https://data.fuoverflow.com/attachments/50/50219-f63ff4dbf03f14dacd880e8722a7a57e.jpg?hash=Kr-0ASaX8l
sp24-fe	FE	40	102591	https://data.fuoverflow.com/attachments/50/50220-b848c0fa83192a3c7aabbecbbb864c03.jpg?hash=GDPnJ_Ja19
sp24-fe	FE	41	102592	https://data.fuoverflow.com/attachments/50/50221-fd4dcbab874a16dee9b05f55874ffcfd.jpg?hash=Na85Tq2r-3
sp24-fe	FE	42	102593	https://data.fuoverflow.com/attachments/50/50222-1d05793813c7bba52a0a71eef7b1b5c1.jpg?hash=Z0kBjo7jIm
sp24-fe	FE	43	102594	https://data.fuoverflow.com/attachments/50/50223-c2e40cb7e2f111e611152116f8cc371a.jpg?hash=kxTYzjdLWx
sp24-fe	FE	44	102595	https://data.fuoverflow.com/attachments/50/50224-14b23912e5a0138a3b85c73fc674b33f.jpg?hash=7Ea1DIAgVt
sp24-fe	FE	45	102596	https://data.fuoverflow.com/attachments/50/50225-3606825a4fa09e4b0354ae68acfd80d0.jpg?hash=cqr-UBDaO6
sp24-fe	FE	46	102597	https://data.fuoverflow.com/attachments/50/50226-979a2c8b7b33c9a2145c2ce76bcbbffe.jpg?hash=uOY3g24bYI
sp24-fe	FE	47	102598	https://data.fuoverflow.com/attachments/50/50227-b13db1a058323be02937b4d67cf1afc7.jpg?hash=XqScChCHvs
sp24-fe	FE	48	102599	https://data.fuoverflow.com/attachments/50/50228-e2134e6db4bc07dddf56252675d5e675.jpg?hash=PEfMXATSeR
sp24-fe	FE	49	102600	https://data.fuoverflow.com/attachments/50/50229-4d61337cf43fa6f5ffe3b19d2cd0eea8.jpg?hash=mz84n44TS9
sp24-fe	FE	50	102601	https://data.fuoverflow.com/attachments/50/50230-05c06063858c8d3548df16fe37a6c463.jpg?hash=k6eFZDjZKV
su2024-te2	TE	1	142152	https://data.fuoverflow.com/attachments/70/70245-c49c699f82c5e10a6e062d0691aefd4f.jpg?hash=e5XuH3xbbx
su2024-te2	TE	2	142153	https://data.fuoverflow.com/attachments/70/70246-ecbec2273aecd4f1d0661a398657d891.jpg?hash=p0doTrC_YA
su2024-te2	TE	3	142154	https://data.fuoverflow.com/attachments/70/70247-eb2357319e6ada64320d1f503f80891f.jpg?hash=s8UOjoG4bF
su2024-te2	TE	4	142155	https://data.fuoverflow.com/attachments/70/70248-6551854913f20fbc79a78cf889bb6195.jpg?hash=G3DkeCZopH
su2024-te2	TE	5	142156	https://data.fuoverflow.com/attachments/70/70249-dbd65579492f1274a73f2083184f148f.jpg?hash=PfUGuvWwrj
su2024-te2	TE	6	142157	https://data.fuoverflow.com/attachments/70/70250-679cae319b92cdd8beeb0f0272e30e0f.jpg?hash=fozhIv792u
su2024-te2	TE	7	142158	https://data.fuoverflow.com/attachments/70/70251-1ff01378aaf574fe14d44b711a234221.jpg?hash=yOzgZnw-0D
su2024-te2	TE	8	142159	https://data.fuoverflow.com/attachments/70/70252-ea3d8e94260ac4b0b1c611d44574e5f3.jpg?hash=UVQskEqAwW
su2024-te2	TE	9	142160	https://data.fuoverflow.com/attachments/70/70253-964bebcf8ba75fba7b79fa6c119282be.jpg?hash=9HW05lugoU
su2024-te2	TE	10	142161	https://data.fuoverflow.com/attachments/70/70254-08951ec84a9af220326e3de94f16a367.jpg?hash=qqk2pSZHeb
su2024-te2	TE	11	142162	https://data.fuoverflow.com/attachments/70/70255-74d1174d7ff885e8d13bb478ef356ae3.jpg?hash=oxyYiPYAUL
su2024-te2	TE	12	142163	https://data.fuoverflow.com/attachments/70/70256-f6d14aff68d3b7d24c40bc9c04c764bf.jpg?hash=BKHlVOM377
su2024-te2	TE	13	142164	https://data.fuoverflow.com/attachments/70/70257-e967c2276185ed23bce9056e342d7153.jpg?hash=DyGFATHrKi
su2024-te2	TE	14	142165	https://data.fuoverflow.com/attachments/70/70258-2dfc2a35e28d4b53c28f196f8cd0599c.jpg?hash=KqpzFf8WjQ
su2024-te2	TE	15	142166	https://data.fuoverflow.com/attachments/70/70259-e4954d746df6a5418fa4c1944cc2ef8f.jpg?hash=sfjOdKjqlr
su2024-te2	TE	16	142167	https://data.fuoverflow.com/attachments/70/70260-08b0868ed3f09197178ed8dfba516928.jpg?hash=Ks900LhywB
su2024-te2	TE	17	142168	https://data.fuoverflow.com/attachments/70/70261-3b56cab591a0687eb06c5750c12f6ccc.jpg?hash=JDHTMYqndt
su2024-te2	TE	18	142169	https://data.fuoverflow.com/attachments/70/70262-9aac258563bb4da7f078de2f3abc92fa.jpg?hash=wzhQbXMQHD
su2024-te2	TE	19	142170	https://data.fuoverflow.com/attachments/70/70263-fe9e307a0c0eca708017e161af26a332.jpg?hash=-F3PyRX_hy
su2024-te2	TE	20	142171	https://data.fuoverflow.com/attachments/70/70264-d1b74211a5e1a0a264cd6bfae9d63365.jpg?hash=KDX-FFCYIz
su2024-te2	TE	21	142172	https://data.fuoverflow.com/attachments/70/70265-a7f600314661ec5e69542a66c3c1a45b.jpg?hash=TWNpgeCJAf
su2024-te2	TE	22	142173	https://data.fuoverflow.com/attachments/70/70266-c0c7d4a1c7db7dd2a33fbb5e47c87506.jpg?hash=JpC8B-XJBS
su2024-te2	TE	23	142174	https://data.fuoverflow.com/attachments/70/70267-1713c020e2a6dba4b4bfe5630a1686e0.jpg?hash=Sygt4lehF5
su2024-te2	TE	24	142175	https://data.fuoverflow.com/attachments/70/70268-6fd3a34018b56737b521f77c01ac772b.jpg?hash=x4MzKhU1_D
su2024-te2	TE	25	142176	https://data.fuoverflow.com/attachments/70/70269-ce0fd2d72feb5ea2ff346fe0bcd04e57.jpg?hash=TZJr5T9B-G
su2024-te2	TE	26	142177	https://data.fuoverflow.com/attachments/70/70270-6f3c1675b0c21c416e27b43dddfb6feb.jpg?hash=PsEKXxmCIS
su2024-te2	TE	27	142178	https://data.fuoverflow.com/attachments/70/70271-6b866c50eee7a857eae8734b9fa82591.jpg?hash=6TTASBaxXE
su2024-te2	TE	28	142179	https://data.fuoverflow.com/attachments/70/70272-39c98564de91afb9f0c80bf0cd1e4829.jpg?hash=SouF_5LLEB
su2024-te2	TE	29	142180	https://data.fuoverflow.com/attachments/70/70273-e53a4e944b93abaadb267d5e46dcba01.jpg?hash=rC3R6CULnA
su2024-te2	TE	30	142181	https://data.fuoverflow.com/attachments/70/70274-fd65f7b32b7f0c766b1be0004c758c4d.jpg?hash=5tQgrti9zd
su2024-te2	TE	31	142182	https://data.fuoverflow.com/attachments/70/70275-5a93c9605f41bbca67b208f8b6a2aeb6.jpg?hash=dEgfprAAfY
su2024-te2	TE	32	142183	https://data.fuoverflow.com/attachments/70/70276-e31ca57a3a5ce8d3445187d0a3f0e67f.jpg?hash=fIS13XxsNg
su2024-te2	TE	33	142184	https://data.fuoverflow.com/attachments/70/70277-77b66abff5e43a952a6c51ebe0790549.jpg?hash=x21lK9VGnf
su2024-te2	TE	34	142185	https://data.fuoverflow.com/attachments/70/70278-6df5770a563f60226e599449fe4343b9.jpg?hash=bLTM6CVArs
su2024-te2	TE	35	142186	https://data.fuoverflow.com/attachments/70/70279-ed44305d7268072a8b970e3ca810223a.jpg?hash=jW7OOxda3f
su2024-te2	TE	36	142187	https://data.fuoverflow.com/attachments/70/70280-897e1f90b7987d31b5abd9ce75c958d1.jpg?hash=lFQXj7R5Gc
su2024-te2	TE	37	142188	https://data.fuoverflow.com/attachments/70/70281-e9d6f6f5bd6c2774aaac64c9e8ae741e.jpg?hash=VX5sstxNpW
su2024-te2	TE	38	142189	https://data.fuoverflow.com/attachments/70/70282-3024b8bbb5a2cae7b765770aedaf191b.jpg?hash=eNvpD_lRzo
su2024-te2	TE	39	142190	https://data.fuoverflow.com/attachments/70/70283-8cbb569ad505262e24818d05672b9111.jpg?hash=dlp7jeSZf2
su2024-te2	TE	40	142191	https://data.fuoverflow.com/attachments/70/70284-73558851974702a4aa0d88b532888ebd.jpg?hash=x9qDRiJZqX
su2024-te2	TE	41	142192	https://data.fuoverflow.com/attachments/70/70285-9a5ef438ab7a0a66facc3b038d29d2ae.jpg?hash=pCY-u-6_kH
su2024-te2	TE	42	142193	https://data.fuoverflow.com/attachments/70/70286-8a6bfd94714742d41bd6765e25525183.jpg?hash=6TYfB6Gar9
su2024-te2	TE	43	142194	https://data.fuoverflow.com/attachments/70/70287-5125b52459e88317a31ffe841931a1ca.jpg?hash=of0-25-a2g
su2024-te2	TE	44	142195	https://data.fuoverflow.com/attachments/70/70288-31bb81a885f9b18467f8b7697c9e8f7c.jpg?hash=Tx42IDWmPt
su2024-te2	TE	45	142196	https://data.fuoverflow.com/attachments/70/70289-d27bfecf403bbe105e8965ae7d2afc43.jpg?hash=355s85OJ17
su2024-te2	TE	46	142197	https://data.fuoverflow.com/attachments/70/70290-a4c9cb35b4f7cd7596720f9e92761c51.jpg?hash=tefHzZbdCE
su2024-te2	TE	47	142198	https://data.fuoverflow.com/attachments/70/70291-3251aaa374801445997d55658d805b52.jpg?hash=aXUT122eoN
su2024-te2	TE	48	142199	https://data.fuoverflow.com/attachments/70/70292-a2aa47e716a626db99ac19535c31828d.jpg?hash=our1UFgQBR
su2024-te2	TE	49	142200	https://data.fuoverflow.com/attachments/70/70293-bddb68b78f6efc33c91915458b4927be.jpg?hash=UVOO4_FpWx
su2024-te2	TE	50	142201	https://data.fuoverflow.com/attachments/70/70294-7d872d5c2880c1fb6a26dd29959f9811.jpg?hash=gBb-aQ2bYU
su2024-te1	TE	1	139838	https://data.fuoverflow.com/attachments/69/69075-823f1fe73f2e52d2a542935b471f842d.jpg?hash=vciOWoqtxX
su2024-te1	TE	2	139839	https://data.fuoverflow.com/attachments/69/69076-c2eb009bf082d13a2b5f51655303294c.jpg?hash=HFo5q1u7pK
su2024-te1	TE	3	139840	https://data.fuoverflow.com/attachments/69/69077-546a50e289a6a4da36e457b1a84d875a.jpg?hash=Ey6n_hHbpQ
su2024-te1	TE	4	139841	https://data.fuoverflow.com/attachments/69/69078-351745db548cb4d7c31e962061249539.jpg?hash=G-LfFsnxYI
su2024-te1	TE	5	139842	https://data.fuoverflow.com/attachments/69/69079-8b1c100deec96fed1ccc8fcdb12af14a.jpg?hash=I_MKEW5zLM
su2024-te1	TE	6	139843	https://data.fuoverflow.com/attachments/69/69080-77588026c7a2800990cb699cf5903624.jpg?hash=P9FqesW7bC
su2024-te1	TE	7	139844	https://data.fuoverflow.com/attachments/69/69081-e8d35a5d17ecfaa895c3fae89b2d5386.jpg?hash=Hn8YR7bTp6
su2024-te1	TE	8	139845	https://data.fuoverflow.com/attachments/69/69082-a6c518c15948228a1adf05fbe0fd8b59.jpg?hash=6TT2KeHw4K
su2024-te1	TE	9	139846	https://data.fuoverflow.com/attachments/69/69083-8652ee2e5d9c95bbec98894f35b86873.jpg?hash=Z6jGruQ3EU
su2024-te1	TE	10	139847	https://data.fuoverflow.com/attachments/69/69084-f7e5bb45250582d3554fe50f8f7e139b.jpg?hash=ro8zSj8R27
su2024-te1	TE	11	139848	https://data.fuoverflow.com/attachments/69/69085-259032af3d30d7d4ceda41611a24a931.jpg?hash=_m0INJIKKc
su2024-te1	TE	12	139849	https://data.fuoverflow.com/attachments/69/69086-6fb271e38e84a03983c1b494d059b195.jpg?hash=3V8beIgHuZ
su2024-te1	TE	13	139850	https://data.fuoverflow.com/attachments/69/69087-b0b1aed6b5986fa5f9cef4703e088b9c.jpg?hash=PSCCa2aA5E
su2024-te1	TE	14	139851	https://data.fuoverflow.com/attachments/69/69088-046ec53d97b32e9825551c873554d141.jpg?hash=PKIjgJ4KiF
su2024-te1	TE	15	139852	https://data.fuoverflow.com/attachments/69/69089-8f58dea99d67fd6364a3003253ef410b.jpg?hash=165FBQGNzf
su2024-te1	TE	16	139853	https://data.fuoverflow.com/attachments/69/69090-d50e4646c79c07147184a8b8768d4570.jpg?hash=eSqISuAOkC
su2024-te1	TE	17	139854	https://data.fuoverflow.com/attachments/69/69091-520ef4c9eb482a0a141b8c50351a0e53.jpg?hash=gG2F835lDS
su2024-te1	TE	18	139855	https://data.fuoverflow.com/attachments/69/69092-371c997a4a5a00e6aa5652509b1c29a9.jpg?hash=NDWXJyfhFq
su2024-te1	TE	19	139856	https://data.fuoverflow.com/attachments/69/69093-9a6fb86009be86e1d80074fd665d5603.jpg?hash=z-RIhDj84J
su2024-te1	TE	20	139857	https://data.fuoverflow.com/attachments/69/69094-539f72a5fe1a351b188053e3c42077c5.jpg?hash=7eSwRHs9qH
su2024-te1	TE	21	139858	https://data.fuoverflow.com/attachments/69/69095-c8b9199115984d582c6386ad57510b71.jpg?hash=S9MJbm4H6g
su2024-te1	TE	22	139859	https://data.fuoverflow.com/attachments/69/69096-b3c7c6f0979b488e7d72a4884c088315.jpg?hash=5IB9hhJrcp
su2024-te1	TE	23	139860	https://data.fuoverflow.com/attachments/69/69097-dc79026e5d9077a07a16aa006c3adb40.jpg?hash=IkcbwUuZgn
su2024-te1	TE	24	139861	https://data.fuoverflow.com/attachments/69/69098-533c6d2bc96e7b71edf94676470adbb8.jpg?hash=5vJLQO-Y1J
su2024-te1	TE	25	139862	https://data.fuoverflow.com/attachments/69/69099-49dd1978ae68ffcd8d8c86365c12c3ca.jpg?hash=AoJKMVMcF7
su2024-te1	TE	26	139863	https://data.fuoverflow.com/attachments/69/69100-794e7507d19af38837ec5ef36e9c89a8.jpg?hash=zCCM5xgMsb
su2024-te1	TE	27	139864	https://data.fuoverflow.com/attachments/69/69101-97205ee92a885e23c70eeff070ba5b61.jpg?hash=N-wD4Itg9T
su2024-te1	TE	28	139865	https://data.fuoverflow.com/attachments/69/69102-8d9a867b4124a1b3bac7848c4e8cd28c.jpg?hash=nj7_k5WTvM
su2024-te1	TE	29	139866	https://data.fuoverflow.com/attachments/69/69103-b499452be2e61358a574ffe0336bbac6.jpg?hash=o5UVFlsJnK
su2024-te1	TE	30	139867	https://data.fuoverflow.com/attachments/69/69104-ef0c84ce541dcf493e8ca17afe50a74f.jpg?hash=ONoQfqkUjT
su2024-te1	TE	31	139868	https://data.fuoverflow.com/attachments/69/69105-10a951468e6e0ac471cbccbcf36388c2.jpg?hash=5Uw7S4l-kj
su2024-te1	TE	32	139869	https://data.fuoverflow.com/attachments/69/69106-81d4e6fd49373f32a6e25778acc55675.jpg?hash=r9kziA5Ogc
su2024-te1	TE	33	139870	https://data.fuoverflow.com/attachments/69/69107-81170a86d22a3170f8927cda28f8836d.jpg?hash=MWIJx22Eio
su2024-te1	TE	34	139871	https://data.fuoverflow.com/attachments/69/69108-10daed867fbb6475cba90f8477c24a43.jpg?hash=ytkCEW1FzZ
su2024-te1	TE	35	139872	https://data.fuoverflow.com/attachments/69/69109-087d3f3c4603c814a0f574ad8f788189.jpg?hash=6KSrutUNYY
su2024-te1	TE	36	139873	https://data.fuoverflow.com/attachments/69/69110-ac67cc52b17df3b91314b39ece0c1eee.jpg?hash=EffhWqchKq
su2024-te1	TE	37	139874	https://data.fuoverflow.com/attachments/69/69111-31bee97c0d42c3e7b2caf1d7153d5fe1.jpg?hash=ox98EpZ5O9
su2024-te1	TE	38	139875	https://data.fuoverflow.com/attachments/69/69112-d4596cd347013e9e7c7872d34f146f9f.jpg?hash=oiIVpQKU_R
su2024-te1	TE	39	139876	https://data.fuoverflow.com/attachments/69/69113-239eb14b95aef568b2c9a7b2cc6d2785.jpg?hash=m5YLKV5Q7A
su2024-te1	TE	40	139877	https://data.fuoverflow.com/attachments/69/69114-ff50f7d4dc66fdfbd867d5c58527b3eb.jpg?hash=lFjWTdPjCa
su2024-te1	TE	41	139878	https://data.fuoverflow.com/attachments/69/69115-3bb6a78b24c91571ff8f35ff1a98d7e7.jpg?hash=CBj1I4wt_8
su2024-te1	TE	42	139879	https://data.fuoverflow.com/attachments/69/69116-2f8b6e9c5593612c4f3d0d102c0d1984.jpg?hash=T4MYRSOHlP
su2024-te1	TE	43	139880	https://data.fuoverflow.com/attachments/69/69117-c077c85a4fd2b304b51fa7f083fa62cd.jpg?hash=Scg1IjX6rI
su2024-te1	TE	44	139881	https://data.fuoverflow.com/attachments/69/69118-38231680bdd352f8551ebc015ffbb9da.jpg?hash=b9y7eixYzP
su2024-te1	TE	45	139882	https://data.fuoverflow.com/attachments/69/69119-494f837f2eed71d836ab7a0f9f73c8f6.jpg?hash=VbLVu-R8Ru
su2024-te1	TE	46	139883	https://data.fuoverflow.com/attachments/69/69120-15109129a6e91285b9caaca3ab8c6b34.jpg?hash=SJFCAyVStc
su2024-te1	TE	47	139884	https://data.fuoverflow.com/attachments/69/69121-ab86c54653d58d4f0e8612e7d5f972fd.jpg?hash=HrsCTvhwev
su2024-te1	TE	48	139885	https://data.fuoverflow.com/attachments/69/69122-f495e3c94a491b488a0f4ed40f4be822.jpg?hash=tIQIIPH7lB
su2024-te1	TE	49	139886	https://data.fuoverflow.com/attachments/69/69123-fbf791be2aa7df776f133e084a20ff08.jpg?hash=c5Ur075K9f
su2024-te1	TE	50	139887	https://data.fuoverflow.com/attachments/69/69124-183cb3d510385317f352cd7ec7e6a8aa.jpg?hash=Fo4zkD6PnU
sp2025-re	RE	1	198720	https://data.fuoverflow.com/attachments/99/99146-7c6c820693b6a8ad7ba3b11192897fbb.jpg?hash=LTuq4UrmFC
sp2025-re	RE	2	198721	https://data.fuoverflow.com/attachments/99/99147-55328331350155c6cee0d0c80321270c.jpg?hash=zXDLDjjI6M
sp2025-re	RE	3	198722	https://data.fuoverflow.com/attachments/99/99148-9e648a0c4b357e01701584f5f2bc7214.jpg?hash=I3-XCECXt6
sp2025-re	RE	4	198723	https://data.fuoverflow.com/attachments/99/99149-ce8c7b46662bf0888d84068743239098.jpg?hash=69UT1AdYKx
sp2025-re	RE	5	198724	https://data.fuoverflow.com/attachments/99/99150-48c91db160af3edf15f86582eb4d0d73.jpg?hash=f30w0B6B6z
sp2025-re	RE	6	198725	https://data.fuoverflow.com/attachments/99/99151-4be276ef19769a534c820f27a3611e31.jpg?hash=xKtcSrZmZL
sp2025-re	RE	7	198726	https://data.fuoverflow.com/attachments/99/99152-fd4a7dd8c19ff5c8786068efab8a5a4b.jpg?hash=gbDTY5e6-T
sp2025-re	RE	8	198727	https://data.fuoverflow.com/attachments/99/99153-bea2932524aa74bb1ba8d6425774603a.jpg?hash=upvfYcrbwL
sp2025-re	RE	9	198728	https://data.fuoverflow.com/attachments/99/99154-df7870ae5da42bab2f64a39b55d5b828.jpg?hash=4XDaG40l64
sp2025-re	RE	10	198729	https://data.fuoverflow.com/attachments/99/99155-c4d5443a7e51b7b21a3a3177d4eb6aee.jpg?hash=VPvSdIuWum
sp2025-re	RE	11	198730	https://data.fuoverflow.com/attachments/99/99156-5c3424b250adc1bfd0ed33129e121cd2.jpg?hash=LKSQi1y4xS
sp2025-re	RE	12	198731	https://data.fuoverflow.com/attachments/99/99157-de1345cff8d87d8ac7780007895efdf6.jpg?hash=Fnf4cVU5WF
sp2025-re	RE	13	198732	https://data.fuoverflow.com/attachments/99/99158-7363f4aef1d20b2936ca791057f21e8a.jpg?hash=50nVaqzrvX
sp2025-re	RE	14	198733	https://data.fuoverflow.com/attachments/99/99159-dcd0436263c8d6877bddc9b97dc7fe2c.jpg?hash=KSl2humByZ
sp2025-re	RE	15	198734	https://data.fuoverflow.com/attachments/99/99160-156789b7c55a8a6da50dacc239aecf55.jpg?hash=enjcithvjQ
sp2025-re	RE	16	198735	https://data.fuoverflow.com/attachments/99/99161-2cde544d91df18b15d3094a8ca68c740.jpg?hash=i4NbvHf2iD
sp2025-re	RE	17	198736	https://data.fuoverflow.com/attachments/99/99162-76d68c25a3fd40dd714f0194c95f9fca.jpg?hash=UmhjvZHQkY
sp2025-re	RE	18	198737	https://data.fuoverflow.com/attachments/99/99163-3019c2c942927e3f3445e637771d21aa.jpg?hash=ZWGBrWB28N
sp2025-re	RE	19	198738	https://data.fuoverflow.com/attachments/99/99164-2c3fba0b3b6b998cf46bd273e24c1009.jpg?hash=KzrKls_-NH
sp2025-re	RE	20	198739	https://data.fuoverflow.com/attachments/99/99165-d34c46f5126475b366e58a92b339fb4a.jpg?hash=QN1GcZPY1b
sp2025-re	RE	21	198740	https://data.fuoverflow.com/attachments/99/99166-8e8b87ccc23f3c40f14ea009cc0c6198.jpg?hash=gMqo6NyOTt
sp2025-re	RE	22	198741	https://data.fuoverflow.com/attachments/99/99167-aca9dce7f71f54ba4c54386036f28746.jpg?hash=n4Z-yEI2wj
sp2025-re	RE	23	198742	https://data.fuoverflow.com/attachments/99/99168-c50b711ba4bf5240f068e0dedb068a86.jpg?hash=aQjKuKXjU0
sp2025-re	RE	24	198743	https://data.fuoverflow.com/attachments/99/99169-e270d03677208aae124a5df6d4b2c393.jpg?hash=WS78IdLL7R
sp2025-re	RE	25	198744	https://data.fuoverflow.com/attachments/99/99170-0f300007fc56d7a8cd8a6970b486aaa0.jpg?hash=F0KTE-CsfG
sp2025-re	RE	26	198745	https://data.fuoverflow.com/attachments/99/99171-4e160f30894d943ade0a3e63c618ebbd.jpg?hash=jILxTYHS9H
sp2025-re	RE	27	198746	https://data.fuoverflow.com/attachments/99/99172-8d4a6f883446bf096b20cf5d6f7b23ee.jpg?hash=5b2waEIBsq
sp2025-re	RE	28	198747	https://data.fuoverflow.com/attachments/99/99173-9c3d7448ec88f8182718b50731da5bda.jpg?hash=MlM4LyJC_Q
sp2025-re	RE	29	198748	https://data.fuoverflow.com/attachments/99/99174-95f55d5f7d52637cdcf84cc673dc2595.jpg?hash=PPNPhaRzds
sp2025-re	RE	30	198749	https://data.fuoverflow.com/attachments/99/99175-e9a3a5b8eb9aeca8b1c0cae8836d7f75.jpg?hash=o_M0thI_Uy
sp2025-re	RE	31	198750	https://data.fuoverflow.com/attachments/99/99176-ebbbec04261f317e8346e65483165a0f.jpg?hash=nZwrhsjNda
sp2025-re	RE	32	198751	https://data.fuoverflow.com/attachments/99/99177-8ab32347a0e4fc77d9ec72d2be720cd1.jpg?hash=WD8BSAAAr_
sp2025-re	RE	33	198752	https://data.fuoverflow.com/attachments/99/99178-986532f92dc6d8bee717bd9a29828d49.jpg?hash=fJEnOPz34f
sp2025-re	RE	34	198753	https://data.fuoverflow.com/attachments/99/99179-50fc899c305faf9ae0b2f9fc72a897b3.jpg?hash=0nRAJv8EaH
sp2025-re	RE	35	198754	https://data.fuoverflow.com/attachments/99/99180-eb18453908b7ee2fcd5b53b12350f3c7.jpg?hash=zIjvMjfo4D
sp2025-re	RE	36	198755	https://data.fuoverflow.com/attachments/99/99181-0ed624dc6410bfd69630f7c3417ddc64.jpg?hash=6-Ze7nbd-o
sp2025-re	RE	37	198756	https://data.fuoverflow.com/attachments/99/99182-1e0a0b02452641f8ab4b5f9b0031265d.jpg?hash=aTdp4uiei4
sp2025-re	RE	38	198757	https://data.fuoverflow.com/attachments/99/99183-f58994a9d4fd4f4a9f23efbf8ac085ed.jpg?hash=OiXG-BExiY
sp2025-re	RE	39	198758	https://data.fuoverflow.com/attachments/99/99184-211eb30809a077671b6eae582d92879b.jpg?hash=IQEMeAeXKV
sp2025-re	RE	40	198759	https://data.fuoverflow.com/attachments/99/99185-9b72668874b6bdc1cce5ffe82396e058.jpg?hash=Srfneqdp98
sp2025-re	RE	41	198760	https://data.fuoverflow.com/attachments/99/99186-e331d9d8f2712485db0302569fc868c6.jpg?hash=J7LJbPebLj
sp2025-re	RE	42	198761	https://data.fuoverflow.com/attachments/99/99187-b0c92c1f9f1fd12e9b19cb1b15540a59.jpg?hash=N67LDYjHvk
sp2025-re	RE	43	198762	https://data.fuoverflow.com/attachments/99/99188-9f7726055d891504a94f9ff58a125f85.jpg?hash=KbphpfE9HL
sp2025-re	RE	44	198763	https://data.fuoverflow.com/attachments/99/99189-db12800a543ccf888385b1e3d3509ff4.jpg?hash=9Q5OwTPhvG
sp2025-re	RE	45	198764	https://data.fuoverflow.com/attachments/99/99190-b910a27312ce3c38a5b021595bb724d2.jpg?hash=CB29bPyeDi
sp2025-re	RE	46	198765	https://data.fuoverflow.com/attachments/99/99191-1a771d785d9280958d810a7d72ecfcad.jpg?hash=5jZvtP_4jI
sp2025-re	RE	47	198766	https://data.fuoverflow.com/attachments/99/99192-bce22846e1d3c208b86128f341241e7f.jpg?hash=Bn0lThIHJ8
sp2025-re	RE	48	198767	https://data.fuoverflow.com/attachments/99/99193-a53912ea2c2e473029e8aee722fd5218.jpg?hash=0mqy9YXmlg
sp2025-re	RE	49	198768	https://data.fuoverflow.com/attachments/99/99194-37ba3990c07369fc0081f4f809520db2.jpg?hash=pD1iA3Pvzn
sp2025-re	RE	50	198769	https://data.fuoverflow.com/attachments/99/99195-bdeba261b6d84302bad82916ed344a70.jpg?hash=tq14F4w9om
sp2025-fe	FE	1	197010	https://data.fuoverflow.com/attachments/98/98281-7824278eb70762b13ee7d4294b068089.jpg?hash=Sb3TZN7R0g
sp2025-fe	FE	2	197011	https://data.fuoverflow.com/attachments/98/98282-939f4b61a46e0cad3feb3e90aa8fa927.jpg?hash=xQgs5JPEJV
sp2025-fe	FE	3	197012	https://data.fuoverflow.com/attachments/98/98283-61db863171a2dab93bb6c5b00b2e5705.jpg?hash=bl9eR4Xs8o
sp2025-fe	FE	4	197013	https://data.fuoverflow.com/attachments/98/98284-c58f4472b8a5c12c3aba2ff3d606c0b9.jpg?hash=en19ScEC_M
sp2025-fe	FE	5	197014	https://data.fuoverflow.com/attachments/98/98285-66b943d5541c2e6af742d38958307156.jpg?hash=U5Px11ycrj
sp2025-fe	FE	6	197015	https://data.fuoverflow.com/attachments/98/98286-cba18ad34375aa8bb3cea4b9682c43ad.jpg?hash=5hLSzh3JVu
sp2025-fe	FE	7	197016	https://data.fuoverflow.com/attachments/98/98287-afd55d4b4bfe099cbf115dc1c00e04ac.jpg?hash=IPULFp0dxr
sp2025-fe	FE	8	197017	https://data.fuoverflow.com/attachments/98/98288-38d82ee43e3c1d627050943885d978ef.jpg?hash=xUJHy09-gk
sp2025-fe	FE	9	197018	https://data.fuoverflow.com/attachments/98/98289-2f68030bfd412dbaef58a5c188d52a2f.jpg?hash=X0E7d3SXvv
sp2025-fe	FE	10	197019	https://data.fuoverflow.com/attachments/98/98290-f245ee2bd931b6501d2e7b459f8b614c.jpg?hash=Ck2GB9UEfz
sp2025-fe	FE	11	197020	https://data.fuoverflow.com/attachments/98/98291-bf83a7b8540f46bcef37acc75d55bf4d.jpg?hash=pheAWG3ki1
sp2025-fe	FE	12	197021	https://data.fuoverflow.com/attachments/98/98292-5705fb1ea15f2ab2c8acc211ba66af36.jpg?hash=IwfVE5NH39
sp2025-fe	FE	13	197022	https://data.fuoverflow.com/attachments/98/98293-cd71266704bf48c2f561abdc9f513a91.jpg?hash=zqEPc2pm5W
sp2025-fe	FE	14	197023	https://data.fuoverflow.com/attachments/98/98294-9d078a508879fb12ffd5f1bbc9b18e30.jpg?hash=jhHRzPgKcT
sp2025-fe	FE	15	197024	https://data.fuoverflow.com/attachments/98/98295-00072b610c095314d29cb48e6bdf7208.jpg?hash=7spniMQekB
sp2025-fe	FE	16	197025	https://data.fuoverflow.com/attachments/98/98296-41f20e505a02390fd7b7c50e118f1de3.jpg?hash=VCYdiB7lAq
sp2025-fe	FE	17	197026	https://data.fuoverflow.com/attachments/98/98297-ff47d77a0915325f2407b101bffcab62.jpg?hash=EM0LuwtZCG
sp2025-fe	FE	18	197027	https://data.fuoverflow.com/attachments/98/98298-61834332210d1bd54b2915ffea1afe3f.jpg?hash=jRNiQQmHFf
sp2025-fe	FE	19	197028	https://data.fuoverflow.com/attachments/98/98299-dc568f06f99d980a7cab33c4210c84a2.jpg?hash=kFjT0gYeYm
sp2025-fe	FE	20	197029	https://data.fuoverflow.com/attachments/98/98300-db32ef789f094d93a89e85a35078453d.jpg?hash=3juHWz8HVh
sp2025-fe	FE	21	197030	https://data.fuoverflow.com/attachments/98/98301-4342589c00bc5cbe33eed4dc2a298059.jpg?hash=YUKpAQXSGT
sp2025-fe	FE	22	197031	https://data.fuoverflow.com/attachments/98/98302-26bab42738784fb687b2b1102fe33b72.jpg?hash=j-pOUSFDqa
sp2025-fe	FE	23	197032	https://data.fuoverflow.com/attachments/98/98303-393e60050d443b2163db74d16ef235cf.jpg?hash=1gX2LbuQ4j
sp2025-fe	FE	24	197033	https://data.fuoverflow.com/attachments/98/98304-ca6ec9aa1170f35b73156f27d4de76af.jpg?hash=tJCwd_iUnU
sp2025-fe	FE	25	197034	https://data.fuoverflow.com/attachments/98/98305-e75f9b16214343e2c7c65b9bf77e2ad7.jpg?hash=Yx1b3rm4Wv
sp2025-fe	FE	26	197035	https://data.fuoverflow.com/attachments/98/98306-c127594b206926722600adc23a7a7626.jpg?hash=3GxTVf4CxP
sp2025-fe	FE	27	197036	https://data.fuoverflow.com/attachments/98/98307-cb349d2e71d90cc8ea562808739704ee.jpg?hash=ZKBxT_MoUQ
sp2025-fe	FE	28	197037	https://data.fuoverflow.com/attachments/98/98308-e451010b2c828fe6236d8240bfc80771.jpg?hash=FPQgO_5Cda
sp2025-fe	FE	29	197038	https://data.fuoverflow.com/attachments/98/98309-a15c80403d02a8b35130ac90fd1244f1.jpg?hash=9KWQG90jTl
sp2025-fe	FE	30	197039	https://data.fuoverflow.com/attachments/98/98310-929d786f8d42ff3369eb91651acbc879.jpg?hash=1cqzW1muVk
sp2025-fe	FE	31	197040	https://data.fuoverflow.com/attachments/98/98311-3ffc997fd81656139d3d62573fa602fd.jpg?hash=KGARU0rNge
sp2025-fe	FE	32	197041	https://data.fuoverflow.com/attachments/98/98312-2f757e2da53d7f1e3f658f663148884e.jpg?hash=Of6UR7x64M
sp2025-fe	FE	33	197042	https://data.fuoverflow.com/attachments/98/98313-151ada4311a87102c49eb33c28be8591.jpg?hash=STFRqG8UBy
sp2025-fe	FE	34	197043	https://data.fuoverflow.com/attachments/98/98314-3eb977b28054e81febfc753d50b36c25.jpg?hash=Zwemxg4OL8
sp2025-fe	FE	35	197044	https://data.fuoverflow.com/attachments/98/98315-8a58bd2b5f3edadd05ea69ab4a82129e.jpg?hash=FvBx8PpM92
sp2025-fe	FE	36	197045	https://data.fuoverflow.com/attachments/98/98316-bbc96d132f5e0df497b1e2dfec284d7d.jpg?hash=WkcLkGKCC4
sp2025-fe	FE	37	197046	https://data.fuoverflow.com/attachments/98/98317-fdc9b3bba446a2796ad4cc4511c49256.jpg?hash=qOPndcyfFJ
sp2025-fe	FE	38	197047	https://data.fuoverflow.com/attachments/98/98318-9e26f64d5f6cc83cc379e33c2c03c9e5.jpg?hash=BlljX0Nuz2
sp2025-fe	FE	39	197048	https://data.fuoverflow.com/attachments/98/98319-191f9265e63b598ffce7c5d2531a2025.jpg?hash=tEwMfWmW8v
sp2025-fe	FE	40	197049	https://data.fuoverflow.com/attachments/98/98320-eb5e6e5251e0f99798194672c183798f.jpg?hash=7aqYTMZelf
sp2025-fe	FE	41	197050	https://data.fuoverflow.com/attachments/98/98321-a64ef19794c39ac61380b0e4e79da1c5.jpg?hash=tICyUMvbia
sp2025-fe	FE	42	197051	https://data.fuoverflow.com/attachments/98/98322-946375b374cbe2f27576bf060b2317d5.jpg?hash=waATp7jyHL
sp2025-fe	FE	43	197052	https://data.fuoverflow.com/attachments/98/98323-236a242274954003a4b8864f475dc7a8.jpg?hash=0foXqsmAJJ
sp2025-fe	FE	44	197053	https://data.fuoverflow.com/attachments/98/98324-84ff5e2a37d3b560b88f25890cce2ea7.jpg?hash=X-Yep-zulJ
sp2025-fe	FE	45	197054	https://data.fuoverflow.com/attachments/98/98325-e7a5d609070bb8deaa044fb905d2ce6c.jpg?hash=fgI9bnB482
sp2025-fe	FE	46	197055	https://data.fuoverflow.com/attachments/98/98326-eff01249801b777740a0f8b6ae4e9b81.jpg?hash=AFicOctlDT
sp2025-fe	FE	47	197056	https://data.fuoverflow.com/attachments/98/98327-df5a70b504080e793a8db1e102106ba1.jpg?hash=MSLSj6x8qH
sp2025-fe	FE	48	197057	https://data.fuoverflow.com/attachments/98/98328-c5a216244cafffe75e9d937aa7679ff7.jpg?hash=K4KEEdbYm3
sp2025-fe	FE	49	197058	https://data.fuoverflow.com/attachments/98/98329-e82e1f7c21640f9d8e64a35c56282e3c.jpg?hash=qSXhujXam1
sp2025-fe	FE	50	197059	https://data.fuoverflow.com/attachments/98/98330-79f9bdb2cf1499ef3dcdef95ed7b15d2.jpg?hash=atQpbflFRc
sp2023-fe	FE	1	5526	https://data.fuoverflow.com/attachments/5/5526-4e380da825a5aced2bd0d98d548b45a8.jpg?hash=yNLSi5rr9g
sp2023-fe	FE	2	5527	https://data.fuoverflow.com/attachments/5/5527-b648a5e8360d06116cc0dec72dcc2d75.jpg?hash=PVB8lNBPrg
sp2023-fe	FE	3	5528	https://data.fuoverflow.com/attachments/5/5528-5c8395dca87dcaf812d7d1b383be7eb2.jpg?hash=nxM5CTj-uT
sp2023-fe	FE	4	5529	https://data.fuoverflow.com/attachments/5/5529-e079e9698729e7e885323873e46498d6.jpg?hash=roctrDl9Jy
sp2023-fe	FE	5	5530	https://data.fuoverflow.com/attachments/5/5530-3a778bd7170bc75ba1971e6fce78cdff.jpg?hash=fdewlWSadM
sp2023-fe	FE	6	5531	https://data.fuoverflow.com/attachments/5/5531-4f9d91f21f4a4d79593203eb66caab66.jpg?hash=LRfc4038Fu
sp2023-fe	FE	7	5532	https://data.fuoverflow.com/attachments/5/5532-fa0c5c3337ac18b4c087617c06fe2639.jpg?hash=2TluambUba
sp2023-fe	FE	8	5533	https://data.fuoverflow.com/attachments/5/5533-20e09c8025030020a0762fa7b0f018c8.jpg?hash=6-LV7DJNYj
sp2023-fe	FE	9	5534	https://data.fuoverflow.com/attachments/5/5534-131de04bf046233d3a4be9d93b227ba2.jpg?hash=pZ7hARA6_v
sp2023-fe	FE	10	5535	https://data.fuoverflow.com/attachments/5/5535-b4be8e57b2cb583e4567748258817b5a.jpg?hash=24n9xGKjPq
sp2023-fe	FE	11	5536	https://data.fuoverflow.com/attachments/5/5536-7b5d210277d600a00c51e5719783f6df.jpg?hash=gUUcGryou5
sp2023-fe	FE	12	5537	https://data.fuoverflow.com/attachments/5/5537-691f43693ec270ab2063c49972a9bf9c.jpg?hash=kfcE7vnavi
sp2023-fe	FE	13	5538	https://data.fuoverflow.com/attachments/5/5538-e3da665ec0e7f97d8570eb662c5e140a.jpg?hash=Cspw2rBEEv
sp2023-fe	FE	14	5539	https://data.fuoverflow.com/attachments/5/5539-d4c75cd654e2f531c6ae982663c98a69.jpg?hash=1UUjUQWGgU
sp2023-fe	FE	15	5540	https://data.fuoverflow.com/attachments/5/5540-1d7d7084ec2d9f03e13bd9df6b763e0f.jpg?hash=sVOfqMDwdR
sp2023-fe	FE	16	5541	https://data.fuoverflow.com/attachments/5/5541-c0cc8a12f29fffed5286b7aaa8146716.jpg?hash=q4_EooEO9B
sp2023-fe	FE	17	5542	https://data.fuoverflow.com/attachments/5/5542-c7eeb642a1489327e65c63d677f1cfdd.jpg?hash=uoMTYyhuRd
sp2023-fe	FE	18	5543	https://data.fuoverflow.com/attachments/5/5543-e3bff57462115001c4cfbbc8d0ff19f9.jpg?hash=HPPxuJNQm3
sp2023-fe	FE	19	5544	https://data.fuoverflow.com/attachments/5/5544-c0cc8a12f29fffed5286b7aaa8146716.jpg?hash=q4_EooEO9B
sp2023-fe	FE	20	5545	https://data.fuoverflow.com/attachments/5/5545-527c9f43fca8ab19866a039791030b20.jpg?hash=ZNrejr0DNg
sp2023-fe	FE	21	5546	https://data.fuoverflow.com/attachments/5/5546-8a4530cde8b5647e61d57ac336f5e31c.jpg?hash=XRFYAacvff
sp2023-fe	FE	22	5547	https://data.fuoverflow.com/attachments/5/5547-36e232547f348965e7bfce22014898a1.jpg?hash=XgVNsYEWsq
sp2023-fe	FE	23	5548	https://data.fuoverflow.com/attachments/5/5548-e81678b7feb7335bbeddf810f69145fe.jpg?hash=tYqZ8m88Zz
sp2023-fe	FE	24	5549	https://data.fuoverflow.com/attachments/5/5549-892501ac6c8cf38295a4b5659461abef.jpg?hash=YwfBkZw_af
sp2023-fe	FE	25	5550	https://data.fuoverflow.com/attachments/5/5550-9616adccd41306423557447732ada85b.jpg?hash=9MiWj8zYRU
sp2023-fe	FE	26	5551	https://data.fuoverflow.com/attachments/5/5551-8462fcbb7753099dd592a899ea0cb10e.jpg?hash=R1Y_KQjSuZ
sp2023-fe	FE	27	5552	https://data.fuoverflow.com/attachments/5/5552-889d58a4d60ebc556b4229961cfcec2c.jpg?hash=DR7VMuv6C1
sp2023-fe	FE	28	5553	https://data.fuoverflow.com/attachments/5/5553-1358c1a9373312573ef661e332892f31.jpg?hash=CMeYqYo5CF
sp2023-fe	FE	29	5554	https://data.fuoverflow.com/attachments/5/5554-117aa26687fa0a7d1c902107158dcc99.jpg?hash=jz2jePGGWa
sp2023-fe	FE	30	5555	https://data.fuoverflow.com/attachments/5/5555-68dfcba1151496d9d9c3d56793de717a.jpg?hash=baDIsZFOps
sp2023-fe	FE	31	5556	https://data.fuoverflow.com/attachments/5/5556-3dba0566e47102fbe4f4c023ea3fac5c.jpg?hash=zZeEBfCEnj
sp2023-fe	FE	32	5557	https://data.fuoverflow.com/attachments/5/5557-7c3c68a9f43386835eef332a2d62abc6.jpg?hash=Ue9UmX1yWy
sp2023-fe	FE	33	5558	https://data.fuoverflow.com/attachments/5/5558-8897fc2255b6df29aba7dca2c77aa8ac.jpg?hash=uBorB4XTc5
sp2023-fe	FE	34	5559	https://data.fuoverflow.com/attachments/5/5559-efdc7e16fbf8bc0a8dfb1c8ffc5bbfa5.jpg?hash=f4nN7XMV4u
sp2023-fe	FE	35	5560	https://data.fuoverflow.com/attachments/5/5560-3245b93dd9a042b9e05c5b47d862b492.jpg?hash=3w3jw7y9l4
sp2023-fe	FE	36	5561	https://data.fuoverflow.com/attachments/5/5561-1bba3c7444af6bb77a80debfc2f7c93b.jpg?hash=2GkQOK69l0
sp2023-fe	FE	37	5562	https://data.fuoverflow.com/attachments/5/5562-0d4a0dc36db3f3caed3b02f96e4e76f1.jpg?hash=5finDPbXOl
sp2023-fe	FE	38	5563	https://data.fuoverflow.com/attachments/5/5563-42d8a84287a1f51366609548da5134f2.jpg?hash=iME37x__ch
sp2023-fe	FE	39	5564	https://data.fuoverflow.com/attachments/5/5564-6ff52367a5a7c0f1d96fdcf49fba2f16.jpg?hash=3JrVTs6Ezq
sp2023-fe	FE	40	5565	https://data.fuoverflow.com/attachments/5/5565-bd7ce7f41d3d7722bf7c97c49b0a15d1.jpg?hash=jzDQAImYnl
sp2023-fe	FE	41	5566	https://data.fuoverflow.com/attachments/5/5566-f66f38b300b5eaeee044f0030b97a993.jpg?hash=Oq8pmKcP7U
sp2023-fe	FE	42	5567	https://data.fuoverflow.com/attachments/5/5567-b1311573552c62cfc5ddaf41a4be0a84.jpg?hash=GnBmPWSpqb
sp2023-fe	FE	43	5568	https://data.fuoverflow.com/attachments/5/5568-de9586a5cd7428d32413627af4557889.jpg?hash=u-FfQB9beO
sp2023-fe	FE	44	5569	https://data.fuoverflow.com/attachments/5/5569-c926d22e4f11215cb81597a62f14860a.jpg?hash=NbjCKEIB1Y
sp2023-fe	FE	45	5570	https://data.fuoverflow.com/attachments/5/5570-69ddbede3f1be760063804a4094e9378.jpg?hash=T5XMR-WlOJ
sp2023-fe	FE	46	5571	https://data.fuoverflow.com/attachments/5/5571-0e5fec7d9dacb5d5108e88ff1a35d949.jpg?hash=njdSwqPs61
sp2023-fe	FE	47	5572	https://data.fuoverflow.com/attachments/5/5572-55f0d01f2bc96e25ef193940534a3e80.jpg?hash=CD_x5joi3U
sp2023-fe	FE	48	5573	https://data.fuoverflow.com/attachments/5/5573-1a81e4c835cc39c1896c91741adb75f5.jpg?hash=dWQ-Klux7f
fa2023-re	RE	1	74331	https://data.fuoverflow.com/attachments/35/35756-afd6552f5d10063ebf7d8b9e6c922237.jpg?hash=YFUjy9fEmI
fa2023-re	RE	2	74332	https://data.fuoverflow.com/attachments/35/35757-4de33299104752ef2c2e9bd51a3fac2c.jpg?hash=u8YE_o5QIn
fa2023-re	RE	3	74333	https://data.fuoverflow.com/attachments/35/35758-43f0283df4621c4c8de297182e7b4933.jpg?hash=ud4OyP8Bpt
fa2023-re	RE	4	74334	https://data.fuoverflow.com/attachments/35/35759-f0d2796dd6fb6dff54efa8eca3f85454.jpg?hash=xi-y7NLx6b
fa2023-re	RE	5	74335	https://data.fuoverflow.com/attachments/35/35760-5e3737f2a2e4fc2602d892abe33e6dd2.jpg?hash=8ZEPk1rPEj
fa2023-re	RE	6	74336	https://data.fuoverflow.com/attachments/35/35761-f12c27581599bd3242b14c33cd264e70.jpg?hash=wSd8q3DDIJ
fa2023-re	RE	7	74337	https://data.fuoverflow.com/attachments/35/35762-046a725ed95a396c7c7387c3fb22c498.jpg?hash=Dk1j3U4Zt_
fa2023-re	RE	8	74338	https://data.fuoverflow.com/attachments/35/35763-433cf039231074a18aeef6e79f12b939.jpg?hash=0lE3exCZeW
fa2023-re	RE	9	74339	https://data.fuoverflow.com/attachments/35/35764-42742a28393ba291aba818a3823f0dfd.jpg?hash=HZC-48Us8H
fa2023-re	RE	10	74340	https://data.fuoverflow.com/attachments/35/35765-b73f28a88adfb6388c52e4d86f4dd8d5.jpg?hash=7fgZrnDRGN
fa2023-re	RE	11	74341	https://data.fuoverflow.com/attachments/35/35766-18090568b87937555dfed8c35c563217.jpg?hash=72yaBFGAP8
fa2023-re	RE	12	74342	https://data.fuoverflow.com/attachments/35/35767-b556aa585912263a9bbf44ccf023621b.jpg?hash=adyn7PizIs
fa2023-re	RE	13	74343	https://data.fuoverflow.com/attachments/35/35768-469e67150f0a1792dd3c41db1ba9eafd.jpg?hash=xATcIIU4SC
fa2023-re	RE	14	74344	https://data.fuoverflow.com/attachments/35/35769-caf52a853c9ccc6cb61a2146af024126.jpg?hash=n-e05JgZMj
fa2023-re	RE	15	74345	https://data.fuoverflow.com/attachments/35/35770-4ef5ad780cea28925e10dde05ecdbe82.jpg?hash=yd2JOh5N-7
fa2023-re	RE	16	74346	https://data.fuoverflow.com/attachments/35/35771-f1817ea321d5d3588c2b4868ff6814a9.jpg?hash=LxXSUOVIkl
fa2023-re	RE	17	74347	https://data.fuoverflow.com/attachments/35/35772-8fb3f19f981e603cceaeb3719a59d062.jpg?hash=abNp-gbXb9
fa2023-re	RE	18	74348	https://data.fuoverflow.com/attachments/35/35773-e5c94dfa02ac8e411da980ec67d62ea0.jpg?hash=XxxWAO-9Ky
fa2023-re	RE	19	74349	https://data.fuoverflow.com/attachments/35/35774-d48674159cf23ea4970ab8a016fff214.jpg?hash=MmM5f3eYpL
fa2023-re	RE	20	74350	https://data.fuoverflow.com/attachments/35/35775-2b474de172292dbbb69ec9c0c0661f1d.jpg?hash=Sday5ZXFQD
fa2023-re	RE	21	74351	https://data.fuoverflow.com/attachments/35/35776-d7531178b8b1b87b1abaadb0b257603d.jpg?hash=ffqetuwEH5
fa2023-re	RE	22	74352	https://data.fuoverflow.com/attachments/35/35777-2ee7971fd50a50c6e7e0363be2b3bb91.jpg?hash=t06edFdnZF
fa2023-re	RE	23	74353	https://data.fuoverflow.com/attachments/35/35778-f3a12df14ac45d20a91e1ab9ecd9fdb6.jpg?hash=NBZeeiVT8_
fa2023-re	RE	24	74354	https://data.fuoverflow.com/attachments/35/35779-66c9929ae6112c89ce8af84cd8e72d34.jpg?hash=U0ga_GvlVX
fa2023-re	RE	25	74355	https://data.fuoverflow.com/attachments/35/35780-40ea7fe99186109dfddf11515b149960.jpg?hash=G4-Po6V6zq
fa2023-re	RE	26	74356	https://data.fuoverflow.com/attachments/35/35781-405be6297056330efcd78c0d5f818c24.jpg?hash=9tbXWs-I_x
fa2023-re	RE	27	74357	https://data.fuoverflow.com/attachments/35/35782-ca0277bc9f901b8a743f2a58e2df9a0e.jpg?hash=rDzZLRvY4j
fa2023-re	RE	28	74358	https://data.fuoverflow.com/attachments/35/35783-28691ab65e1b8ed28fac5ac71dadc1f5.jpg?hash=-YrPWQDD82
fa2023-re	RE	29	74359	https://data.fuoverflow.com/attachments/35/35784-bbecad68938b45905fba7b36b3348ef9.jpg?hash=ap1BUUI_SH
fa2023-re	RE	30	74360	https://data.fuoverflow.com/attachments/35/35785-fafb549aa2386b42c00fae5d28a2567f.jpg?hash=YfiyYzosEI
fa2023-re	RE	31	74361	https://data.fuoverflow.com/attachments/35/35786-cdaf23b641da8627fafec06b09ab3145.jpg?hash=r_SFZdaZO2
fa2023-re	RE	32	74362	https://data.fuoverflow.com/attachments/35/35787-181ca393f3bb548fe8d7cec57f1c69b2.jpg?hash=d5pB7-Vo8m
fa2023-re	RE	33	74363	https://data.fuoverflow.com/attachments/35/35788-1709e0d205564fed3184217901b99dc4.jpg?hash=gRaANH_E12
fa2023-re	RE	34	74364	https://data.fuoverflow.com/attachments/35/35789-c5d81c7fa12f47380a21ee7fcfe941f4.jpg?hash=7HTHkysO6J
fa2023-re	RE	35	74365	https://data.fuoverflow.com/attachments/35/35790-4a9a3b0d8e43c63a8d131ce1ba2a48f6.jpg?hash=ZOqr5LDCA8
fa2023-re	RE	36	74366	https://data.fuoverflow.com/attachments/35/35791-96a3f10cdc9934d9078cd9d413487d5f.jpg?hash=lB1E8MdpV4
fa2023-re	RE	37	74367	https://data.fuoverflow.com/attachments/35/35792-8dfea0114573cff2b35ad4bda82debee.jpg?hash=TmvwQLlkm7
fa2023-re	RE	38	74368	https://data.fuoverflow.com/attachments/35/35793-6294ece779681ae918f1488873f7e6cc.jpg?hash=t4dVpo5oJW
fa2023-re	RE	39	74369	https://data.fuoverflow.com/attachments/35/35794-9118fc38596dd85de5b052fb97e45bb3.jpg?hash=bh8rT5xTwE
fa2023-re	RE	40	74370	https://data.fuoverflow.com/attachments/35/35795-c650e18229ce00ba8f18a0b241c830f0.jpg?hash=wEmHGI1uk4
fa2023-re	RE	41	74371	https://data.fuoverflow.com/attachments/35/35796-7ed5df9c147c82d25043954464befd06.jpg?hash=F3eoGyhiYQ
fa2023-re	RE	42	74372	https://data.fuoverflow.com/attachments/35/35797-2badc8bfb15956b51662de87056b12c9.jpg?hash=OwO33_n_L6
fa2023-re	RE	43	74373	https://data.fuoverflow.com/attachments/35/35798-b16814d2d8520d7142f76fa16a9b785d.jpg?hash=Co6GyOo7b6
fa2023-re	RE	44	74374	https://data.fuoverflow.com/attachments/35/35799-bd3498cfd4e52306b846586aef187b39.jpg?hash=kh7EUbdEeN
fa2023-re	RE	45	74375	https://data.fuoverflow.com/attachments/35/35800-8e2a9ab7205b509ab890dc3ae2e1ce91.jpg?hash=W8avAWoh2X
fa2023-re	RE	46	74376	https://data.fuoverflow.com/attachments/35/35801-69e06385e0f0b4d970d29c7ac00f5005.jpg?hash=FqorGpL4wn
fa2023-re	RE	47	74377	https://data.fuoverflow.com/attachments/35/35802-0210d314251fdf306b25f82bd637df53.jpg?hash=fch4yGiHFq
fa2023-re	RE	48	74378	https://data.fuoverflow.com/attachments/35/35803-b6c4bc5bf03bbd93e2e474fec607efb4.jpg?hash=R2mJtx2m4M
fa2023-re	RE	49	74379	https://data.fuoverflow.com/attachments/35/35804-e5c43e63bb5c4d9cef4164b55db14fa3.jpg?hash=ZWjaZB9F_k
fa2023-re	RE	50	74380	https://data.fuoverflow.com/attachments/35/35805-444fbf1d727b84b290cb6d5daedb2bc5.jpg?hash=ZE5u-6Gx12
fa2022-fe	FE	1	43526	https://data.fuoverflow.com/attachments/20/20154-eb7e0a77fb1c2c31ba8962f259e0d175.jpg?hash=yp7Ps72I-s
fa2022-fe	FE	2	43527	https://data.fuoverflow.com/attachments/20/20155-03d528e0e76237a312429abe7168c60b.jpg?hash=5ChW4J5GoI
fa2022-fe	FE	3	43528	https://data.fuoverflow.com/attachments/20/20156-90190eb44f39ba35102e27a90e3392f1.jpg?hash=dYCTpFvio9
fa2022-fe	FE	4	43529	https://data.fuoverflow.com/attachments/20/20157-917e5532ba98c4eaae52b11a8ca62ac8.jpg?hash=0bo3aI-j-C
fa2022-fe	FE	5	43530	https://data.fuoverflow.com/attachments/20/20158-76e26b5e1a9172c4020d4be015af0f0b.jpg?hash=VqNr-tj1E9
fa2022-fe	FE	6	43531	https://data.fuoverflow.com/attachments/20/20159-4949371480efd61e53b25064883728f8.jpg?hash=e2qJifro-Y
fa2022-fe	FE	7	43532	https://data.fuoverflow.com/attachments/20/20160-1e956e03dafaf57e0142b2cb9349e4fd.jpg?hash=e6RAaj6LEU
fa2022-fe	FE	8	43533	https://data.fuoverflow.com/attachments/20/20161-3d463c5b2d9b296d384575d23102ae32.jpg?hash=HHrk5S-gbY
fa2022-fe	FE	9	43534	https://data.fuoverflow.com/attachments/20/20162-2e3178152ba5252aa50354ce4358c8df.jpg?hash=OK2XBUXwa7
fa2022-fe	FE	10	43535	https://data.fuoverflow.com/attachments/20/20163-5c5cb0e346336859462a3c6d97bcb2df.jpg?hash=sgLlvc89Tj
fa2022-fe	FE	11	43536	https://data.fuoverflow.com/attachments/20/20164-b244a100417bbb03fd17f133c8a263f1.jpg?hash=DG6-MXs_DB
fa2022-fe	FE	12	43537	https://data.fuoverflow.com/attachments/20/20165-713af0b06a634eba2b8db957ae5b4d3a.jpg?hash=GXgCfsxZu2
fa2022-fe	FE	13	43538	https://data.fuoverflow.com/attachments/20/20166-6bd7066a5942fa53f43275c9bad544b1.jpg?hash=BC6_CNQI02
fa2022-fe	FE	14	43539	https://data.fuoverflow.com/attachments/20/20167-41aee0f8cf9d9463699048ee1308232f.jpg?hash=ePBVUUdKkN
fa2022-fe	FE	15	43540	https://data.fuoverflow.com/attachments/20/20168-bfaa0f4d8d9485af2b338fa71fd33710.jpg?hash=J3p7H9Xcsq
fa2022-fe	FE	16	43541	https://data.fuoverflow.com/attachments/20/20169-4cf197f300b1c1107bbab970de8dd131.jpg?hash=iDFdtSa2lK
fa2022-fe	FE	17	43542	https://data.fuoverflow.com/attachments/20/20170-77b867c9dddb0fc9db21b141ea5ec2af.jpg?hash=LZHj47zN_1
fa2022-fe	FE	18	43543	https://data.fuoverflow.com/attachments/20/20171-0efaefe43856ac193db21f33b230afb0.jpg?hash=Xl8DhR3nsC
fa2022-fe	FE	19	43544	https://data.fuoverflow.com/attachments/20/20172-255530f18c8663ef1552edc7392fa333.jpg?hash=JXSacMVb2-
fa2022-fe	FE	20	43545	https://data.fuoverflow.com/attachments/20/20173-c95faef499ad08dc1ef737585816afb1.jpg?hash=-UCfwIZXfN
fa2022-fe	FE	21	43546	https://data.fuoverflow.com/attachments/20/20174-6bfb0102935988d521c8460be58eb1da.jpg?hash=ELPN40xe4l
fa2022-fe	FE	22	43547	https://data.fuoverflow.com/attachments/20/20175-45fb4675a4e530c88fc9752ecf422d37.jpg?hash=ceVJbqWz2D
fa2022-fe	FE	23	43548	https://data.fuoverflow.com/attachments/20/20176-5a5237d59187b0955fada3e7b4e90467.jpg?hash=LWxnzQzPTD
fa2022-fe	FE	24	43549	https://data.fuoverflow.com/attachments/20/20177-c6fd16aeb0bccf0d3dda39fb3e1b42dc.jpg?hash=6ewEo2ToMl
fa2022-fe	FE	25	43550	https://data.fuoverflow.com/attachments/20/20178-8c2acfd3e202c90b94a02c3089801e21.jpg?hash=dQVOieEGUS
fa2022-fe	FE	26	43551	https://data.fuoverflow.com/attachments/20/20179-1bfff0b4854f45c7f2411555ea32bd51.jpg?hash=eRRvFoPKei
fa2022-fe	FE	27	43552	https://data.fuoverflow.com/attachments/20/20180-ac751b310fd4e60f7ab262ddb2f44293.jpg?hash=I6fjWNe9En
fa2022-fe	FE	28	43553	https://data.fuoverflow.com/attachments/20/20181-c72b78710c2f84ad386e1bb13512e245.jpg?hash=tc_F4oZa5N
fa2022-fe	FE	29	43554	https://data.fuoverflow.com/attachments/20/20182-64664cd4f5b204314bf60260428906b6.jpg?hash=zWPIEDVdVN
fa2022-fe	FE	30	43555	https://data.fuoverflow.com/attachments/20/20183-02dba23a7a7228dbbbc8110bc65859d5.jpg?hash=Lthg6BTH3G
fa2022-fe	FE	31	43556	https://data.fuoverflow.com/attachments/20/20184-f0478f648576f9997445a5862ce6d06c.jpg?hash=6sb8lkRLd7
fa2022-fe	FE	32	43557	https://data.fuoverflow.com/attachments/20/20185-21d59164be06b50fa2bf970bdaed6a2e.jpg?hash=KUPpQD9qlW
fa2022-fe	FE	33	43558	https://data.fuoverflow.com/attachments/20/20186-7ba0e36c62e58ce316a8c41ac46dbff7.jpg?hash=9K5WySZVbo
fa2022-fe	FE	34	43559	https://data.fuoverflow.com/attachments/20/20187-d7ef04d4fb7650d97bf652a6f1d6a21b.jpg?hash=fykg75KSut
fa2022-fe	FE	35	43560	https://data.fuoverflow.com/attachments/20/20188-7473b7395db62d0cce35a82aae6f2f55.jpg?hash=qM6cMwdAW1
fa2022-fe	FE	36	43561	https://data.fuoverflow.com/attachments/20/20189-90b05dece598a2c4040508eff580e2c0.jpg?hash=TDLTkc_Udp
fa2022-fe	FE	37	43562	https://data.fuoverflow.com/attachments/20/20190-50653e831a900e5adfae769352bf05d5.jpg?hash=tmBuTpGEhO
fa2022-fe	FE	38	43563	https://data.fuoverflow.com/attachments/20/20191-934c993658cf76bc5014b07d1f5969f6.jpg?hash=GXmINCxDec
fa2022-fe	FE	39	43564	https://data.fuoverflow.com/attachments/20/20192-ec5efbdf4709ed2d6ca06a7621e319e8.jpg?hash=m2IDo29Y18
fa2022-fe	FE	40	43565	https://data.fuoverflow.com/attachments/20/20193-c6d93ed20a08c6c9964bbe6b78e9ed4e.jpg?hash=nx4QsjEh-X
fa2022-fe	FE	41	43566	https://data.fuoverflow.com/attachments/20/20194-a53d6ece83b9247691cab8f058448508.jpg?hash=dYfgpuPCxY
fa2022-fe	FE	42	43567	https://data.fuoverflow.com/attachments/20/20195-eaa8fa7354302b6b3ba0d895329b7dee.jpg?hash=p846WDMJYr
fa2022-fe	FE	43	43568	https://data.fuoverflow.com/attachments/20/20196-91200e458c56ddcae89a7e55af25f809.jpg?hash=3xoZZTC5T8
fa2022-fe	FE	44	43569	https://data.fuoverflow.com/attachments/20/20197-5d37202d505d2b1610d09ac2210e4401.jpg?hash=l6vaiRNBAQ
fa2022-fe	FE	45	43570	https://data.fuoverflow.com/attachments/20/20198-44432925cb14d04cb6f10b8f7232d032.jpg?hash=urPZCL2MC6
fa2022-fe	FE	46	43571	https://data.fuoverflow.com/attachments/20/20199-3acc56c4a9d74ad82d13290e857067bb.jpg?hash=GSYNVmx84k
fa2022-fe	FE	47	43572	https://data.fuoverflow.com/attachments/20/20200-7b77f12830cb6d3a5588d3f12fd47f3a.jpg?hash=dZ2MFOM_L-
fa2022-fe	FE	48	43573	https://data.fuoverflow.com/attachments/20/20201-f5f2c13f87414915c0b6f87004b67a1a.jpg?hash=10g3kxNqAp
fa2022-fe	FE	49	43574	https://data.fuoverflow.com/attachments/20/20202-dfd4f0cbf330ae2ec9e23f866bc61485.jpg?hash=ampREbFHqk
fa2022-fe	FE	50	43575	https://data.fuoverflow.com/attachments/20/20203-cd0a2e426347d770c78509b2479fc07f.jpg?hash=m9tevuPlj_
fa2022-fe	FE	51	43576	https://data.fuoverflow.com/attachments/20/20204-0b878b253c21c7f6aad80478f926e738.jpg?hash=K_8ZIVL44s
fa2022-fe	FE	52	43577	https://data.fuoverflow.com/attachments/20/20205-0d9fc20fbf4d016687268ce459dd31c4.jpg?hash=1lptXeadbj
fa2022-fe	FE	53	43578	https://data.fuoverflow.com/attachments/20/20206-6c3b70e13483c1af296988c34dd70d62.jpg?hash=URYXoRaloh
fa2022-fe	FE	54	43579	https://data.fuoverflow.com/attachments/20/20207-8116601965785c68b79788d1fb92d724.jpg?hash=ZCEs1vsw0q
fa2022-fe	FE	55	43580	https://data.fuoverflow.com/attachments/20/20208-6b603826b68ae69b94686116012fba27.jpg?hash=jBCZ7GDhYA
fa2022-fe	FE	56	43581	https://data.fuoverflow.com/attachments/20/20209-c7152c695cd5dcd57bf2aac572ce26e7.jpg?hash=GvoFQ--yfa
fa2023-fe	FE	1	71752	https://data.fuoverflow.com/attachments/34/34460-12ba7c486448ab6aefe17586787f5347.jpg?hash=cU-FEdV9na
fa2023-fe	FE	2	71753	https://data.fuoverflow.com/attachments/34/34461-e6854aaf9579019702968eb899a207d4.jpg?hash=o4FySYjMoG
fa2023-fe	FE	3	71754	https://data.fuoverflow.com/attachments/34/34462-2284178591083cd776b7af8bc5987aed.jpg?hash=Z2hp_dczW-
fa2023-fe	FE	4	71755	https://data.fuoverflow.com/attachments/34/34463-44228adec394331d6af23aa4405bba1b.jpg?hash=AplKWoQ1Ad
fa2023-fe	FE	5	71756	https://data.fuoverflow.com/attachments/34/34464-7ed9880655cda62ad25c6cea2a73222f.jpg?hash=YOMrP_ts1T
fa2023-fe	FE	6	71757	https://data.fuoverflow.com/attachments/34/34465-67096bd152357de49e328d612348b501.jpg?hash=khEAvEpmKR
fa2023-fe	FE	7	71758	https://data.fuoverflow.com/attachments/34/34466-179dea9638fae0ae769d21ef2136be62.jpg?hash=7zIZV4q-GC
fa2023-fe	FE	8	71759	https://data.fuoverflow.com/attachments/34/34467-dc54c35660e544d0f7e6faaa5a7a71f4.jpg?hash=6Mz33l4hvU
fa2023-fe	FE	9	71760	https://data.fuoverflow.com/attachments/34/34468-43c4157b4d9e869831f3f02bc176c271.jpg?hash=lY4YNkY7wo
fa2023-fe	FE	10	71761	https://data.fuoverflow.com/attachments/34/34469-fb908077f9a0cb4c754a7bd781b39def.jpg?hash=ivFNygC2LR
fa2023-fe	FE	11	71762	https://data.fuoverflow.com/attachments/34/34470-f611fa8131b011cc3cd86642af8c1a2a.jpg?hash=uzD5ZEO7NA
fa2023-fe	FE	12	71763	https://data.fuoverflow.com/attachments/34/34471-744e9c4a5b9c684d5100cc704d9d2143.jpg?hash=CO3xc5kG82
fa2023-fe	FE	13	71764	https://data.fuoverflow.com/attachments/34/34472-d459eeeebd4b263f5992c10de57156fe.jpg?hash=YqmZn-6rC8
fa2023-fe	FE	14	71765	https://data.fuoverflow.com/attachments/34/34473-6e79af76cf44f5f761c2ade05d4812a7.jpg?hash=8RmxpHWcM0
fa2023-fe	FE	15	71766	https://data.fuoverflow.com/attachments/34/34474-10d899e17de798375db2daa4ab489e48.jpg?hash=evNeHI5xV6
fa2023-fe	FE	16	71767	https://data.fuoverflow.com/attachments/34/34475-6279c1220d55b1ff56f599560d94e62d.jpg?hash=WnlGConJUB
fa2023-fe	FE	17	71768	https://data.fuoverflow.com/attachments/34/34476-6c908fd1978776a9d5fbe9f5b45b189c.jpg?hash=FwRgmo4WrC
fa2023-fe	FE	18	71769	https://data.fuoverflow.com/attachments/34/34477-0c314c2291af046e08dc8ec0311637c5.jpg?hash=-xVGu3c0MS
fa2023-fe	FE	19	71770	https://data.fuoverflow.com/attachments/34/34478-d61fdec3db0387624a3854afc1693a5f.jpg?hash=R4q6e4Sz28
fa2023-fe	FE	20	71771	https://data.fuoverflow.com/attachments/34/34479-4eab30a3da1105c0a4b7293a92334c04.jpg?hash=KkK5Ia6cJ8
fa2023-fe	FE	21	71772	https://data.fuoverflow.com/attachments/34/34480-500b7f77bed1c151574f6ebea5903159.jpg?hash=hBwbKh-q4u
fa2023-fe	FE	22	71773	https://data.fuoverflow.com/attachments/34/34481-06fa7e4f63c8fa8eac33afef96556612.jpg?hash=zO2lAwBTJ9
fa2023-fe	FE	23	71774	https://data.fuoverflow.com/attachments/34/34482-39cf2e91f9eca5435c370dbe6b5a038d.jpg?hash=-Up2LTT2hk
fa2023-fe	FE	24	71775	https://data.fuoverflow.com/attachments/34/34483-b8e896dfb2577f70703c68aaf0a8fc06.jpg?hash=_Yo-SzCTbp
fa2023-fe	FE	25	71776	https://data.fuoverflow.com/attachments/34/34484-61866a65cab5e531951f3d5b5a123004.jpg?hash=Y9VkqtUaW7
fa2023-fe	FE	26	71777	https://data.fuoverflow.com/attachments/34/34485-06c78493eb95543af40a30751adf1069.jpg?hash=qvHR0G0J0a
fa2023-fe	FE	27	71778	https://data.fuoverflow.com/attachments/34/34486-0b7140c58da8559fd89f498ad63cb4ce.jpg?hash=UlKE8AAULb
fa2023-fe	FE	28	71779	https://data.fuoverflow.com/attachments/34/34487-0b72aaf1235933acdc60e518faa28235.jpg?hash=5_Dfy7l60V
fa2023-fe	FE	29	71780	https://data.fuoverflow.com/attachments/34/34488-9b2273bd23093cf1a43d07209914b69d.jpg?hash=RGi2X0940U
fa2023-fe	FE	30	71781	https://data.fuoverflow.com/attachments/34/34489-2dd080c6feac3a9f70d9017a650ff285.jpg?hash=pwdMSeh5a2
fa2023-fe	FE	31	71782	https://data.fuoverflow.com/attachments/34/34490-740debe0a9935ea1593fe772850c396e.jpg?hash=jk4tQ_ft8w
fa2023-fe	FE	32	71783	https://data.fuoverflow.com/attachments/34/34491-ee35e4fcc90a4fe57bc6df289fd87217.jpg?hash=WHfH7dYw-I
fa2023-fe	FE	33	71784	https://data.fuoverflow.com/attachments/34/34492-2502252e6d898405ca6e5691f85a0d6a.jpg?hash=oznvxHTfut
fa2023-fe	FE	34	71785	https://data.fuoverflow.com/attachments/34/34493-4f332d7397a7d30060e8cc2c332e5107.jpg?hash=_gdfjluph_
fa2023-fe	FE	35	71786	https://data.fuoverflow.com/attachments/34/34494-4b5ef9ff0f9a846bf2a920da48625a75.jpg?hash=SaE9swbDjF
fa2023-fe	FE	36	71787	https://data.fuoverflow.com/attachments/34/34495-d1bd3102acb159385ddb6cb564721459.jpg?hash=N9BFjyKP8L
fa2023-fe	FE	37	71788	https://data.fuoverflow.com/attachments/34/34496-b07e9964012017d7c0e7d1f30b2eb463.jpg?hash=sDtPPrebaM
fa2023-fe	FE	38	71789	https://data.fuoverflow.com/attachments/34/34497-e8fb8c86a622eb5e399a05d63079b5c8.jpg?hash=tTMKwiJ67S
fa2023-fe	FE	39	71790	https://data.fuoverflow.com/attachments/34/34498-72778fabb83a145f751f5726d524b1ee.jpg?hash=8l7GcbDfJm
fa2023-fe	FE	40	71791	https://data.fuoverflow.com/attachments/34/34499-98c105d14849cf378ee1718b528b1a5e.jpg?hash=fo4AA-k_-d
fa2023-fe	FE	41	71792	https://data.fuoverflow.com/attachments/34/34500-80b52daee2738362782ee27cba733fff.jpg?hash=aAeSn2pYLl
fa2023-fe	FE	42	71793	https://data.fuoverflow.com/attachments/34/34501-1fd6c3cb1b137d8b6d0e2e1605022908.jpg?hash=fjPsm5GO-M
fa2023-fe	FE	43	71794	https://data.fuoverflow.com/attachments/34/34502-8223586393cbaaa2fd8ca788cc3c2d0e.jpg?hash=39--XqUIAf
fa2023-fe	FE	44	71795	https://data.fuoverflow.com/attachments/34/34503-83a84f84d1420778ff397248ea3cdabf.jpg?hash=diGNwpjOFF
fa2023-fe	FE	45	71796	https://data.fuoverflow.com/attachments/34/34504-ef33371aa8b6357cd355bb482414764a.jpg?hash=yuMr7Nzvy_
fa2023-fe	FE	46	71797	https://data.fuoverflow.com/attachments/34/34505-4f33e41f99029aa1d9ab9ac4c96db54a.jpg?hash=RMgBgQ09oG
fa2023-fe	FE	47	71798	https://data.fuoverflow.com/attachments/34/34506-2a735e6f743639d0d836c3a4b58ba11d.jpg?hash=VDM0kMcyPi
fa2023-fe	FE	48	71799	https://data.fuoverflow.com/attachments/34/34507-db48406bb3d63ea81ca587a50a823f7b.jpg?hash=KBVlLMSB9K
fa2023-fe	FE	49	71800	https://data.fuoverflow.com/attachments/34/34508-ac39e92d4532f1bb29414fbc1e27af9e.jpg?hash=7KJ2IY-QMs
fa2023-fe	FE	50	71801	https://data.fuoverflow.com/attachments/34/34509-4065cba73bb580ef1ca6a74ab04d1174.jpg?hash=9CWlPgLMIL
su2023-fe	FE	1	43826	https://data.fuoverflow.com/attachments/20/20304-7cd57d01b7dd8227f5c036d3f107f0f8.jpg?hash=z9KeDn1JXJ
su2023-fe	FE	2	43827	https://data.fuoverflow.com/attachments/20/20305-63aedcc6054c656eba862e63a30b93f4.jpg?hash=xedLMnocdQ
su2023-fe	FE	3	43828	https://data.fuoverflow.com/attachments/20/20306-bdd20f514fdd1f8d679409f56eed4a1f.jpg?hash=9XOgH6sNgB
su2023-fe	FE	4	43829	https://data.fuoverflow.com/attachments/20/20307-e939354359fe58ad974b50db4e8a1a2e.jpg?hash=KNcHunieOX
su2023-fe	FE	5	43830	https://data.fuoverflow.com/attachments/20/20308-9e9de340853057fdaa58bbde23d7127d.jpg?hash=HUDXY_-qYc
su2023-fe	FE	6	43831	https://data.fuoverflow.com/attachments/20/20309-f048cb9c437f70e6b9a392532d141bae.jpg?hash=6HSs3fUdBa
su2023-fe	FE	7	43832	https://data.fuoverflow.com/attachments/20/20310-36fd761d3b7dde68fafccf5f34144db1.jpg?hash=Fin3xTQRBt
su2023-fe	FE	8	43833	https://data.fuoverflow.com/attachments/20/20311-37f2815eaa4471ed1db19f5f26e0c39e.jpg?hash=q_bAgKs4UO
su2023-fe	FE	9	43834	https://data.fuoverflow.com/attachments/20/20312-9376c5cfab4937d6c7a13b68b3f3fccf.jpg?hash=EVLCBkL-R0
su2023-fe	FE	10	43835	https://data.fuoverflow.com/attachments/20/20313-5ad2f44c314ac9fff3aab1ceeb1d26eb.jpg?hash=cXmMglHdFt
su2023-fe	FE	11	43836	https://data.fuoverflow.com/attachments/20/20314-8410ef59933e64203e8bef6ac130eecb.jpg?hash=l7B7Zrr40N
su2023-fe	FE	12	43837	https://data.fuoverflow.com/attachments/20/20315-8092fd4a40ab971adb2e340dd940cf92.jpg?hash=j3v1WpYgE7
su2023-fe	FE	13	43838	https://data.fuoverflow.com/attachments/20/20316-00aa376dfd21f7fe8f73623b1e0feec4.jpg?hash=VkiLJe84P1
su2023-fe	FE	14	43839	https://data.fuoverflow.com/attachments/20/20317-ab130de0dbdacc2b1b8e59006efc5008.jpg?hash=Ak7ufZ1O_i
su2023-fe	FE	15	43840	https://data.fuoverflow.com/attachments/20/20318-f223aca554778dd92bd51c2b2d21c90e.jpg?hash=EzHWjitPev
su2023-fe	FE	16	43841	https://data.fuoverflow.com/attachments/20/20319-5864e4c2ebb11f8b4a86b15e16ed4191.jpg?hash=AUkHE8EMAg
su2023-fe	FE	17	43842	https://data.fuoverflow.com/attachments/20/20320-b59f4080a5d631c7f5f268da29a0d4dc.jpg?hash=kN75ibGzok
su2023-fe	FE	18	43843	https://data.fuoverflow.com/attachments/20/20321-dd96383598bde32813581ca56cf76e5c.jpg?hash=zUYLxHQfZ7
su2023-fe	FE	19	43844	https://data.fuoverflow.com/attachments/20/20322-e1000a0bd0348acc5c3bf4e822046092.jpg?hash=j0K1y5W_RV
su2023-fe	FE	20	43845	https://data.fuoverflow.com/attachments/20/20323-4f2065f5a9e9013a581ee99f566119e9.jpg?hash=fqtwNAQbaj
su2023-fe	FE	21	43846	https://data.fuoverflow.com/attachments/20/20324-be817fb3a0c3d348f86c8088b6ad33f6.jpg?hash=b_W0dnkwFv
su2023-fe	FE	22	43847	https://data.fuoverflow.com/attachments/20/20325-260c5766849c250819f5ca27ccc0b347.jpg?hash=ucXGEgWKpb
su2023-fe	FE	23	43848	https://data.fuoverflow.com/attachments/20/20326-de03ca25da7bb51496b7055a4958fcb1.jpg?hash=LmMB0B1i9Z
su2023-fe	FE	24	43849	https://data.fuoverflow.com/attachments/20/20327-0cb948bd9786216903114dc4082a2e76.jpg?hash=Hw8eebnr0v
su2023-fe	FE	25	43850	https://data.fuoverflow.com/attachments/20/20328-6ed7fe31fea5648c02c1c4126303f964.jpg?hash=TVnX4lzUcD
su2023-fe	FE	26	43851	https://data.fuoverflow.com/attachments/20/20329-4bf6f80468944c5de212b0e9785a8c71.jpg?hash=MVln7Ys_Sz
su2023-fe	FE	27	43852	https://data.fuoverflow.com/attachments/20/20330-1c8d25c178da9652b022fc5bdc90aac5.jpg?hash=oYXqyPnHxy
su2023-fe	FE	28	43853	https://data.fuoverflow.com/attachments/20/20331-c22f53ad43bcbeb7eda0b4ccac1a15f5.jpg?hash=PV5__Vs2dM
su2023-fe	FE	29	43854	https://data.fuoverflow.com/attachments/20/20332-bb1508f4619841b2416eabd3a82ae6fc.jpg?hash=tPgkeLZyrZ
su2023-fe	FE	30	43855	https://data.fuoverflow.com/attachments/20/20333-e588becb15de4fc77fc7b0cfab53dafb.jpg?hash=86L55n3VUv
su2023-fe	FE	31	43856	https://data.fuoverflow.com/attachments/20/20334-8ec0d58cc7fa2cf6ae6b5e948eb371ba.jpg?hash=rJUPMdXeZt
su2023-fe	FE	32	43857	https://data.fuoverflow.com/attachments/20/20335-dddc4378fc01fb9a9321998f991cbc88.jpg?hash=IkhN5K6ClX
su2023-fe	FE	33	43858	https://data.fuoverflow.com/attachments/20/20336-3b6013abd73124256ebf99982f610ed7.jpg?hash=ZSaxNJnyBI
su2023-fe	FE	34	43859	https://data.fuoverflow.com/attachments/20/20337-906349eef2f2035d6a53c5cd659019e1.jpg?hash=Jt66GFXB0p
su2023-fe	FE	35	43860	https://data.fuoverflow.com/attachments/20/20338-0d0150ae475ec1e7df673cee9eaa4376.jpg?hash=_N3i89GDfD
su2023-fe	FE	36	43861	https://data.fuoverflow.com/attachments/20/20339-66626b2e1808228a7dd0bd39319100c9.jpg?hash=iA6S69Q2UA
su2023-fe	FE	37	43862	https://data.fuoverflow.com/attachments/20/20340-f40d30f1713ffd5bd5b22676806f1d50.jpg?hash=IwRc7FigQM
su2023-fe	FE	38	43863	https://data.fuoverflow.com/attachments/20/20341-d1973189a236f45f8617d2d9d006e1c9.jpg?hash=cJCPsDfkMv
su2023-fe	FE	39	43864	https://data.fuoverflow.com/attachments/20/20342-3b5c2d19749f0ae9d546f937965440e1.jpg?hash=kwEKrPfqfS
su2023-fe	FE	40	43865	https://data.fuoverflow.com/attachments/20/20343-03e7cfb4221128b2d1a8f747439e4990.jpg?hash=PkNEZhzurA
su2023-fe	FE	41	43866	https://data.fuoverflow.com/attachments/20/20344-bcd9fd9b20b827563a9eeca1cecca88d.jpg?hash=BU8_H5Dopg
su2023-fe	FE	42	43867	https://data.fuoverflow.com/attachments/20/20345-a9d74131eaf03e3a098e97680e90718a.jpg?hash=lIt5cIY67d
su2023-fe	FE	43	43868	https://data.fuoverflow.com/attachments/20/20346-3ef4628c08da6936b539ebc383e0dfee.jpg?hash=WaFjLze3h0
su2023-fe	FE	44	43869	https://data.fuoverflow.com/attachments/20/20347-3eab6971e9e4a630dc49286b6d7fe9d1.jpg?hash=v_uF0AVTWT
su2023-fe	FE	45	43870	https://data.fuoverflow.com/attachments/20/20348-70a174eaa5c0a7a75ccd8270b1d1604a.jpg?hash=jQ099PeaHU
su2023-fe	FE	46	43871	https://data.fuoverflow.com/attachments/20/20349-4ba4c0bd6fa100e2aa70d3c4c5a7f512.jpg?hash=2l2bz6KoNg
su2023-fe	FE	47	43872	https://data.fuoverflow.com/attachments/20/20350-8c53070818e0bad3d8609ffed7559c6a.jpg?hash=RB2M78joZv
su2023-fe	FE	48	43873	https://data.fuoverflow.com/attachments/20/20351-cc406d55f38c7cc85c65d31e5eeec7f4.jpg?hash=yfM8nSDm9i
su2023-fe	FE	49	43874	https://data.fuoverflow.com/attachments/20/20352-697a9417b4d32134524425a35c9c2a45.jpg?hash=vDPkzdwPb6
su2023-fe	FE	50	43875	https://data.fuoverflow.com/attachments/20/20353-dbd193473feac5e418838b6892c9bbfb.jpg?hash=ZkCuD4IcGM
sp2022-fe	FE	1	43726	https://data.fuoverflow.com/attachments/20/20254-6087312e8224785b94b7addd76104144.jpg?hash=G462UosSyw
sp2022-fe	FE	2	43727	https://data.fuoverflow.com/attachments/20/20255-7e424e21658c075b812545fea859319d.jpg?hash=lsir7H-g2Y
sp2022-fe	FE	3	43728	https://data.fuoverflow.com/attachments/20/20256-fa7cb96d4a0fc7d170b5cbf32b6f606f.jpg?hash=ERtisaMOQ_
sp2022-fe	FE	4	43729	https://data.fuoverflow.com/attachments/20/20257-5aadec8ad4942a38d53c62b730498891.jpg?hash=n5jlHjZl9m
sp2022-fe	FE	5	43730	https://data.fuoverflow.com/attachments/20/20258-161a29eb7d11a01511bb197dc12019bc.jpg?hash=9jXjWCJXnZ
sp2022-fe	FE	6	43731	https://data.fuoverflow.com/attachments/20/20259-c2b82662334ca26083b3579eb928d74e.jpg?hash=IoC7-TP_oP
sp2022-fe	FE	7	43732	https://data.fuoverflow.com/attachments/20/20260-403f5a0347a729a8cdb3e52714696dd1.jpg?hash=GVj8l4ZHZv
sp2022-fe	FE	8	43733	https://data.fuoverflow.com/attachments/20/20261-8970c630948e4a8a89fdc74033fce2c7.jpg?hash=UlGG6-4H3U
sp2022-fe	FE	9	43734	https://data.fuoverflow.com/attachments/20/20262-84cfb19180aadac30e2d7ad23c7f78fa.jpg?hash=4r8lhMlh6f
sp2022-fe	FE	10	43735	https://data.fuoverflow.com/attachments/20/20263-75f9a69d279892287a2c7419a2ff59b3.jpg?hash=qdg3Cro4Cs
sp2022-fe	FE	11	43736	https://data.fuoverflow.com/attachments/20/20264-cf416e1d934441f8c8142cd0b59d9da1.jpg?hash=xhnvLh97jI
sp2022-fe	FE	12	43737	https://data.fuoverflow.com/attachments/20/20265-4d9a4e3236659482cebd1718b45467fd.jpg?hash=sV5bqz5dSB
sp2022-fe	FE	13	43738	https://data.fuoverflow.com/attachments/20/20266-8b5a703681f4eb8a91e32a6f63bd926d.jpg?hash=gwDFkXRWvb
sp2022-fe	FE	14	43739	https://data.fuoverflow.com/attachments/20/20267-5b14de6cedc9000d900f1dd169f8d34b.jpg?hash=rRbGwC3w2E
sp2022-fe	FE	15	43740	https://data.fuoverflow.com/attachments/20/20268-85761d4c4143392b7ec9dd9942af34b3.jpg?hash=hvOB6usMZy
sp2022-fe	FE	16	43741	https://data.fuoverflow.com/attachments/20/20269-d91473cf57577fd3091399169dca6ba3.jpg?hash=IA53bXIrfR
sp2022-fe	FE	17	43742	https://data.fuoverflow.com/attachments/20/20270-5c26cecffd563f7a0ce20f1a57ce66e8.jpg?hash=Uu4LKkKCqw
sp2022-fe	FE	18	43743	https://data.fuoverflow.com/attachments/20/20271-caeadab277fb6d0b315f45aa206f53df.jpg?hash=jqsi3z3P8u
sp2022-fe	FE	19	43744	https://data.fuoverflow.com/attachments/20/20272-15b64f8fa3e7eb4063dccd2d5e9e28fc.jpg?hash=tVOkU6e_1e
sp2022-fe	FE	20	43745	https://data.fuoverflow.com/attachments/20/20273-81aa69480809cde6b62dfb974f895642.jpg?hash=5-HFLvQAGD
sp2022-fe	FE	21	43746	https://data.fuoverflow.com/attachments/20/20274-6dcc93892bed2a4fb59a0eda3ddc2016.jpg?hash=339D0JDPin
sp2022-fe	FE	22	43747	https://data.fuoverflow.com/attachments/20/20275-acd44fca80026f063f315a75133db5fd.jpg?hash=2RQ56FD9Hx
sp2022-fe	FE	23	43748	https://data.fuoverflow.com/attachments/20/20276-38bbc0f2674177ed2e83dfc765682014.jpg?hash=YvgdvMNyNg
sp2022-fe	FE	24	43749	https://data.fuoverflow.com/attachments/20/20277-7c2144fc3e9bb24fa74f80ce1ca9cdd5.jpg?hash=Lm3tJHc-nj
sp2022-fe	FE	25	43750	https://data.fuoverflow.com/attachments/20/20278-bc96daaf526fbf1247ab3bac79068775.jpg?hash=JXrLUhD7_W
sp2022-fe	FE	26	43751	https://data.fuoverflow.com/attachments/20/20279-a84a8ade005c34a5c62b14f276626313.jpg?hash=KwzF72sZ0g
sp2022-fe	FE	27	43752	https://data.fuoverflow.com/attachments/20/20280-3349e9e5779937b784d8fbeeb57ea4b5.jpg?hash=uCgvmYbUOo
sp2022-fe	FE	28	43753	https://data.fuoverflow.com/attachments/20/20281-474983ce837123ea2be7379e086a1561.jpg?hash=QuNfZ9_nYz
sp2022-fe	FE	29	43754	https://data.fuoverflow.com/attachments/20/20282-8e3996c38adfbd38aae9fed31c623236.jpg?hash=2PSFIz9TRv
sp2022-fe	FE	30	43755	https://data.fuoverflow.com/attachments/20/20283-d4404b3ec891fcf83428208931aa48ef.jpg?hash=rPRSDyW1me
sp2022-fe	FE	31	43756	https://data.fuoverflow.com/attachments/20/20284-e54494368af03c7e5dd321bc44143cae.jpg?hash=Yl9M7XXEm6
sp2022-fe	FE	32	43757	https://data.fuoverflow.com/attachments/20/20285-3a72193b3c998cc925f5b1f46f6a2866.jpg?hash=koakqLpzxV
sp2022-fe	FE	33	43758	https://data.fuoverflow.com/attachments/20/20286-6f98b390ba8dd94d8299004975d8a08b.jpg?hash=jF-hCWatx4
sp2022-fe	FE	34	43759	https://data.fuoverflow.com/attachments/20/20287-063b077908421be76a34d6748c7afad0.jpg?hash=RkEk4JHEOa
sp2022-fe	FE	35	43760	https://data.fuoverflow.com/attachments/20/20288-6a5fb384192e31ec7d24025133c8275b.jpg?hash=z-4LR8WMQ6
sp2022-fe	FE	36	43761	https://data.fuoverflow.com/attachments/20/20289-2211a78dec1bdedf379b64756a847880.jpg?hash=WYLNRDKHDO
sp2022-fe	FE	37	43762	https://data.fuoverflow.com/attachments/20/20290-cfca1e160b5f711e78c6121c40c3f808.jpg?hash=Wv9O-I-QIN
sp2022-fe	FE	38	43763	https://data.fuoverflow.com/attachments/20/20291-050a8fe87a791c4a700ce37cd1d748a2.jpg?hash=xqLsdgZDoD
sp2022-fe	FE	39	43764	https://data.fuoverflow.com/attachments/20/20292-e385b9e03866bd6600d56255ada2764a.jpg?hash=ZWPOSeqaWc
sp2022-fe	FE	40	43765	https://data.fuoverflow.com/attachments/20/20293-28ca039df1d893192ebac143c7bb0a7f.jpg?hash=fAGtOSjizX
sp2022-fe	FE	41	43766	https://data.fuoverflow.com/attachments/20/20294-b1440eedf25737c924cd2c58c672ac16.jpg?hash=HtsdkJjxuK
sp2022-fe	FE	42	43767	https://data.fuoverflow.com/attachments/20/20295-be7be8948d1f90aec21e11983c3cd5a6.jpg?hash=AA8LNUeYwx
sp2022-fe	FE	43	43768	https://data.fuoverflow.com/attachments/20/20296-3e4148d30d15156f5c4147a859d1f705.jpg?hash=cADqQk1Wmn
sp2022-fe	FE	44	43769	https://data.fuoverflow.com/attachments/20/20297-34b2d6157d4788ae39bff79001f8d585.jpg?hash=v1zLXbj4iD
sp2022-fe	FE	45	43770	https://data.fuoverflow.com/attachments/20/20298-5bacff88472fdd9fe19462d0e6e92e4c.jpg?hash=kdO5cfG8h6
sp2022-fe	FE	46	43771	https://data.fuoverflow.com/attachments/20/20299-436ea96b0608d92b54e256d04e732f03.jpg?hash=sAEgMhscBl
sp2022-fe	FE	47	43772	https://data.fuoverflow.com/attachments/20/20300-435d61c175f2537c4588449e475c57ea.jpg?hash=BpyDwatpth
sp2022-fe	FE	48	43773	https://data.fuoverflow.com/attachments/20/20301-a317d3117e72971ac79b5295b5e4e5c5.jpg?hash=Rj1LW7ux24
sp2022-fe	FE	49	43774	https://data.fuoverflow.com/attachments/20/20302-3954a14e385548d891287e9d2380b9f8.jpg?hash=hFrxkylrDM
sp2022-fe	FE	50	43775	https://data.fuoverflow.com/attachments/20/20303-ab70c91f26bb4ad0c4c09bafc2f10fb0.jpg?hash=GmpMn2Q-4T
su2022-fe	FE	1	43638	https://data.fuoverflow.com/attachments/20/20210-8c1c8e0287e1b8055e8b9cf62a5ba064.jpg?hash=fd7EdI_6eZ
su2022-fe	FE	2	43639	https://data.fuoverflow.com/attachments/20/20211-f6cef2b35655945c9a27c35e98a96418.jpg?hash=EogDl_xiUP
su2022-fe	FE	3	43640	https://data.fuoverflow.com/attachments/20/20212-c7e0b762aa7742d94ba18b7913d414b2.jpg?hash=DpjOa66OLr
su2022-fe	FE	4	43641	https://data.fuoverflow.com/attachments/20/20213-cccc73b97dd12f2dae111571c10ed377.jpg?hash=VlkmvjtNhH
su2022-fe	FE	5	43642	https://data.fuoverflow.com/attachments/20/20214-5a0e648e9b0504de5a9145e0dd5fda55.jpg?hash=w3lh6SwvZP
su2022-fe	FE	6	43643	https://data.fuoverflow.com/attachments/20/20215-afe1cd90430b46b84402936a6b1b0312.jpg?hash=lSZV_R7Age
su2022-fe	FE	7	43644	https://data.fuoverflow.com/attachments/20/20216-8a15e1d9dd68f720424076344dc1e0f8.jpg?hash=_LoFVwOZ8-
su2022-fe	FE	8	43645	https://data.fuoverflow.com/attachments/20/20217-dd558fd3ec6bdc510d6f4ac699c7ff7d.jpg?hash=fFXqzie52a
su2022-fe	FE	9	43646	https://data.fuoverflow.com/attachments/20/20218-add0a9b432df38df0555155173ef8009.jpg?hash=caedE6HbJK
su2022-fe	FE	10	43647	https://data.fuoverflow.com/attachments/20/20219-2e4cedea96ce983be2f3976b0f7d97f3.jpg?hash=b5zXSuOndz
su2022-fe	FE	11	43648	https://data.fuoverflow.com/attachments/20/20220-4a627fae2fbd195f722d53283bc0534f.jpg?hash=jIB1rV3An5
su2022-fe	FE	12	43649	https://data.fuoverflow.com/attachments/20/20221-a5106681975fffdb351439c310279e1e.jpg?hash=deNbH33uvq
su2022-fe	FE	13	43650	https://data.fuoverflow.com/attachments/20/20222-1a8a0674e0bb3715e9a4e103dfe7ee3a.jpg?hash=CifP76PwHM
su2022-fe	FE	14	43651	https://data.fuoverflow.com/attachments/20/20223-8a529d4d2661aa52d92549941a0f3ddb.jpg?hash=EnMZEesIr_
su2022-fe	FE	15	43652	https://data.fuoverflow.com/attachments/20/20224-1a59367f47351fefdf7147e1658e3448.jpg?hash=2MTJ5lsvTV
su2022-fe	FE	16	43653	https://data.fuoverflow.com/attachments/20/20225-875b1b6cf47d48e67e99a90d08d50c7f.jpg?hash=bNfZ80v1Hc
su2022-fe	FE	17	43654	https://data.fuoverflow.com/attachments/20/20226-71772f0088ae3569bf2ec27807a717a3.jpg?hash=F0fEusyAsX
su2022-fe	FE	18	43655	https://data.fuoverflow.com/attachments/20/20227-3c010ff7f946c88defeae5ca5337461c.jpg?hash=Cr7YrLkJn4
su2022-fe	FE	19	43656	https://data.fuoverflow.com/attachments/20/20228-28d802dd42df98a6e383af0fd5402c54.jpg?hash=2W0tb9RRbe
su2022-fe	FE	20	43657	https://data.fuoverflow.com/attachments/20/20229-7db22a404d55c4cd34ca0e6178786ecd.jpg?hash=ZDIKqiAhRG
su2022-fe	FE	21	43658	https://data.fuoverflow.com/attachments/20/20230-c35b6c859c8977f450f2fbdf5ba03c34.jpg?hash=vExog5uKIT
su2022-fe	FE	22	43659	https://data.fuoverflow.com/attachments/20/20231-d4bcbb42d2ddd5a812a6548757a146ea.jpg?hash=0qYl8Afq_6
su2022-fe	FE	23	43660	https://data.fuoverflow.com/attachments/20/20232-57ec898e9cd043b64218e9882c6d65f6.jpg?hash=W8eniqXbdp
su2022-fe	FE	24	43661	https://data.fuoverflow.com/attachments/20/20233-a911bbb2eb82b0d614d917088656b9ea.jpg?hash=AyJ592bL6z
su2022-fe	FE	25	43662	https://data.fuoverflow.com/attachments/20/20234-93fd200f8e5f568c0d64231908b45f6a.jpg?hash=ZBObUbyQQj
su2022-fe	FE	26	43663	https://data.fuoverflow.com/attachments/20/20235-e7d6fd7e8fbbca2b927e3738ffb444a9.jpg?hash=ogiiByoeE5
su2022-fe	FE	27	43664	https://data.fuoverflow.com/attachments/20/20236-3c024aae63b6a48f3f9e36d9765760c4.jpg?hash=Fcf58Bq4D-
su2022-fe	FE	28	43665	https://data.fuoverflow.com/attachments/20/20237-6199acb91061ca9ef08d08d5bfc48f58.jpg?hash=C6MSmeYFOv
su2022-fe	FE	29	43666	https://data.fuoverflow.com/attachments/20/20238-1b3f2f4d0c438ab449c54d0040ca3386.jpg?hash=QWNNkKNtPa
su2022-fe	FE	30	43667	https://data.fuoverflow.com/attachments/20/20239-80e835bfb14c15e2e1c4237e2b1f6906.jpg?hash=2aQ_9vyxWe
su2022-fe	FE	31	43668	https://data.fuoverflow.com/attachments/20/20240-bb6a2aa29deba7c1e469e294b1dca9e0.jpg?hash=6r9PyvaoO3
su2022-fe	FE	32	43669	https://data.fuoverflow.com/attachments/20/20241-894cd82624085733d5d11e557e7fd3e4.jpg?hash=g44IJTpclf
su2022-fe	FE	33	43670	https://data.fuoverflow.com/attachments/20/20242-13e8753c30d5959457762361b8223063.jpg?hash=4UjbP5wc7O
su2022-fe	FE	34	43671	https://data.fuoverflow.com/attachments/20/20243-83245629e5f7c362d6f31cf32a23c3d0.jpg?hash=AEBD6sa0xt
su2022-fe	FE	35	43672	https://data.fuoverflow.com/attachments/20/20244-1ca3fe02ee3b948bdb17f890bafd8290.jpg?hash=a9kOGiQGKm
su2022-fe	FE	36	43673	https://data.fuoverflow.com/attachments/20/20245-9c379048d7128490724dd38a97fcedf9.jpg?hash=iyYG3L-rI1
su2022-fe	FE	37	43674	https://data.fuoverflow.com/attachments/20/20246-1374f651292ff0b34369b6803a600bae.jpg?hash=nk_jP0FeQB
su2022-fe	FE	38	43675	https://data.fuoverflow.com/attachments/20/20247-a74284876bfc3702c84c746ce39c404c.jpg?hash=9w-2WRQhoN
su2022-fe	FE	39	43676	https://data.fuoverflow.com/attachments/20/20248-ffdd151f5b7dc0ac42c5655427592f66.jpg?hash=lCudqcjF5t
su2022-fe	FE	40	43677	https://data.fuoverflow.com/attachments/20/20249-16b1dbe9429058e414da59fc0ae4f38c.jpg?hash=mxqjHLq2SC
su2022-fe	FE	41	43678	https://data.fuoverflow.com/attachments/20/20250-e9dec0e6a53b43fdc699283a35cebd54.jpg?hash=8mA-nC9GJc
su2022-fe	FE	42	43679	https://data.fuoverflow.com/attachments/20/20251-adf8f688f1ee11223cec53ad94e2bbe7.jpg?hash=yDsUOIbLJ-
su2022-fe	FE	43	43680	https://data.fuoverflow.com/attachments/20/20252-80812a5d595cc8fc5f3bb6956f684f29.jpg?hash=ByhEiJC6iu
su2022-fe	FE	44	43681	https://data.fuoverflow.com/attachments/20/20253-4ded19f28284d4445e5c4be2a8aaa9d9.jpg?hash=82pO1vW3bV